pelr0123,item,no.required,not incl vat,incl VAT,,Ordered?,Received?,,,,
,,,,,,,,,,,
,,,,,,,,,,,
,global multi band LTE Cat4 Module SIM7600G H Kit 4G breakout AND TECHNOLOGIES CO LTD Aliexpress,1,$27,,,,Y,,Aliexpress,https://www.aliexpress.com/i/4000449295553.html,
,WiFi/4G/3G/ Compact Omnidirectional Antenna with 5m Low Loss Lead & SMA Plug Connector - SIRETTA – OSCAR40/5M/LL/SMAM/S/S/33,1,£48.39,,,,,,CPC,https://cpc.farnell.com/siretta/oscar40-5m-ll-smam-s-s-33/4g-3gwifi-wall-mount-antenna-5m/dp/RF00700?st=3g%20antennas,
,OSCAR40/5M/LL/SMAM/S/S/33 ,1,£44.14,,,,,,Mouser,,
,1.13 Cable 30cm SMA Female Jak Bulkhead to Ufl./IPX Connector Extension Pigtail ,1,,£3.25,,,,,Ebay,,
,,,,,,,,,,,
,WAGO 233-504 4 Pole 6A 2.54mm Push Button PCB Terminal Block Orange,60,£0.201,,,,Y,,Rapid,https://www.rapidonline.com/wago-233-504-4-pole-6a-2-54mm-push-button-pcb-terminal-block-orange-21-5788,
,CamdenBoss CTB2500/2 2 Way 24A Standard Profile Terminal Block 10mm Pitch,5,£0.416,,,,Y,,Rapid,https://www.rapidonline.com/camdenboss-ctb2500-2-2-way-24a-standard-profile-terminal-block-10mm-pitch-21-4682,
,ST Stepper Motor Control/Driver L293D,6,£3.26,,,,Y,,Rapid,https://www.rapidonline.com/st-stepper-motor-control-driver-l293d-82-0192,
,TruConnect 16 Pin DIL Socket 7.62mm No Central Support (Tube of 30),1,£3.23,,,,Y,,Rapid,https://www.rapidonline.com/st-stepper-motor-control-driver-l293d-82-0192,
,,,,,,,,,,,
,,,,,,,,,,,
,"Motor controller, PiHut, MDD20A or 20A 6V-30V Single-Channel DC Motor Driver",2,,£22.5,,,Y,,PiHut,https://thepihut.com/products/20a-6v-30v-2-channel-dc-motor-driver,
,,,,,,,,,,,
,"PC 3828 18 T-2FSH ENCL Plastic Enclosure, Multipurpose, Polycarbonate, 380 mm, 280 mm, 180 mm, IK08, IP65",1,£276,,,,Y,,Farnell,https://uk.farnell.com/fibox/pc-3828-18-t-2fsh-enclosure/enclosure-multipurpose-gry-clr/dp/4140757,
,"PC 3828 18 T ENCLOSURE Plastic Enclosure, IK08 (Side) / IK09 (Front), DIN Rail, Polycarbonate, 180 mm, 278 mm, 378 mm",1,£182,,,,,,Farnell,https://uk.farnell.com/fibox/5330073/enclosure-pc-gry-clr-lid-380x280x180/dp/2366416,
,,,,,,,,,,,
,STMICROELECTRONICS NUCLEO-H723ZG,1,£27.02,,,,Y,,Farnell,https://uk.farnell.com/stmicroelectronics/nucleo-h723zg/dev-board-stm32-32bit-arm-cortex/dp/3576973,
,"WAGO 233-512. Wire-To-Board Terminal Block, 2.54 mm, 12 Ways, 28 AWG, 20 AWG, 0.5 mm², Push In",0,£6.67,,,,,,Farnell,https://uk.farnell.com/wago/233-512/tb-wire-to-brd-12pos-20awg/dp/1777102,
,"WAGO 2604-3104 - Wire-To-Board Terminal Block, 5 mm, 4 Ways, 24 AWG, 12 AWG, 4 mm², Push In  WAGO Order Code: 2749676 ",4,£2.91,,,Y,,,Farnell,https://uk.farnell.com/wago/2604-3104/tb-wire-to-brd-4pos-12awg/dp/2749676,
,,,,,,,,,,,
,"WAGO 233-512. Wire-To-Board Terminal Block, 2.54 mm, 12 Ways, 28 AWG, 20 AWG, 0.5 mm², Push In",5,£5.746,,,,Y,,Rsonline,https://uk.rs-online.com/web/p/pcb-terminal-blocks/1814664,
,"Durakool Plug In Automotive Relay, 12V dc Coil Voltage, 40A Switching Current, SPST – DG82-7021-36-1012-DR",8,£2.79,,,,Y,,Rsonline,https://uk.rs-online.com/web/p/automotive-relays/9156648,
,"Durakool DZ 5 Pin PCB Mount Relay Socket, for use with Micro-ISO Relays – DZ82AB-5-PCB",8,£4.64,,,Y,N,,Rsonline,https://uk.rs-online.com/web/p/relay-sockets/2766006,
,"Wurth Elektronik 2548 Series PCB Terminal Block, 2-Contact, 10mm Pitch, Through Hole Mount, 1-Row, Solder Termination",0,£1.234,,,,,,Rsonline,https://uk.rs-online.com/web/p/pcb-terminal-blocks/1912433,
*,"RS PRO Axial Fan, 12 V dc, DC Operation, 11.4m³/h, 1.2W, 100mA Max, 40 x 40 x 10mm",2,£9.34,,,,Y,,Rsonline,https://uk.rs-online.com/web/p/axial-fans/6688808,
*,"Panasonic 470μF Aluminium Electrolytic Capacitor 16V dc, Surface Mount - EEEFK1C471P RS Stock No. 537-0477 ",3,£0.198,,,,,,Rsonline,https://uk.rs-online.com/web/p/products/5370477/,
*,"Panasonic 470μF Aluminium Electrolytic Capacitor 16V dc, Surface Mount - EEEFK1C471P RS Stock No. 537-0477 ",3,,£0.59,,,,,Farnell,https://uk.farnell.com/panasonic/eeefk1c471p/cap-470-f-16v-radial-smd/dp/9695710,
," DZ85AB-5-PCB - Relay Socket, Through Hole, PC Pin, 5 Pins, 60 A ",0,,,,,,,,More commonly available,
,,,,,,,,,,,
*,"DC Axial Fan, 12 V, Square, 40 mm, 10.5 mm, Hydro Wave Bearing, 5.2 CFMMULTICOMP PRO",2,,£2.74,,,,,Farnell,https://uk.farnell.com/multicomp/mc002107/axial-fan-40mm-12vdc-5-2cfm-27/dp/2816686,
,,,,,,,,,,,
,,,,,,,,,,,
,"Delphi, Metri-Pack 630 Automotive Connector Socket 2 Way, Crimp Termination,  RS Stock No.: 896-1776 Mfr. Part No.: 12033769",0,£2.15,,,,,,Rsonline,https://uk.rs-online.com/web/p/automotive-connectors/8961776,
,"Delphi, Metri-Pack 630 Automotive Connector Plug 2 Way, Crimp Termination,  RS Stock No.: 896-1871, Mfr. Part No.:12034269",0,,,,,,,,,
,"Delphi, Metri-Pack 630 Secondary Lock for use with Automotive Connectors RS Stock No.: 896-1880 Mfr. Part No.: 12034363",0,£0.18,,,,,,,,
,,,,,,,,,,,
*,Deutsch DTHD Series 1 Way Plug and Receptacle Connector Kit – DTHD04-1-12P & DTHD06-1-12S,1,£9.31,,,,,,3waycomponents,https://www.3waycomponents.co.uk/product/deutsch-dthd-series-1-pin-way-connector-male-female-dthd04-1-12p-dthd06-1-12s/,
*,Deutsch DTHD Series 1 Way Plug and Receptacle Connector Kit – DTHD04-1-12P & DTHD06-1-12S,1,,£11.99,,,,,PA PRODUCTS LTD,https://www.ebay.co.uk/itm/186704674168,
,"Delphi 2 Way Metri-Pack 630 Sealed Series Automotive Connector Kit – 15363993 & 15363990, 46 Amp",1,£5.62,,,,Y,,3waycomponents,https://www.3waycomponents.co.uk/product/delphi-2-way-metri-pack-sealed-630-series-46-amp-automotive-connector-kit/,
,,,,,,,,,,,
,"Receptacle 60A , DTHD04-1-8P",,,,,,,,,,
,"Plug 60A, DTHD06-1-8S ",,,,,,,,,,
,"Contactor, Pin, 60 A, 0460-204-08141, wire size 10.0-5.0 mm2",,£3.32,,,,,,CPC,,
,"Contactor, Pin, 60 A, 0460-204-08141, wire size 10.0-5.0 mm2",,,,,,,,Farnell,,
,"Contactor Socket, 60A 0462-203-08141, wire size 10.0-5.0 mm2",,,,,,,,CPC,,
,"Contactor Socket, 60A 0462-203-08141, wire size 10.0-5.0 mm2",,,,,,,,Farnell,,
,Self Adjusting Bootlace Ferrule Crimper - T3695,1,£81.61,,,,,,CPC,https://cpc.farnell.com/ck-tools/t3695/self-adjusting-bootlace-crimper/dp/TL23729,
,0.08-16mm² Ferrule Terminal Hand Wire Cord End Crimper Crimp Crimping Tool Plier,,,£22.00,,,,,Ebay,,
,"1 Pin/Way 60A Deutsch DTHD Series Male Female Connector Plug Socket Kit New, wire size 10.0-5.0 mm2",,,£11.76,,,,,Ebay,https://www.ebay.co.uk/itm/256277910208,
,,,,,,,,,,,
,,,,,,,,,,,
,,,,,,,,,,,
*,"STMicroelectronics L78S05CV, 1 Linear Voltage, Voltage Regulator 2A, 5 V 3-Pin, TO-220RS Stock No.:714-7780Mfr. Part No.:L78S05CV",3,£0.769,,,,,,Rsonline,https://uk.rs-online.com/web/p/voltage-regulators/7147780,
*,"STMICROELECTRONICS L7805ABV Fixed Linear Voltage Regulator, 7805, 3-Terminal, Positive, 10V To 35V In, 5V And 1.5A Out, TO-220-3",3,,£0.66,,,,,Farnell,https://uk.farnell.com/stmicroelectronics/l7805abv/ic-v-reg-5v/dp/1467758,
*,"Texas Instruments LM1086CT-3.3/NOPB, 1 Low Dropout Voltage, Voltage Regulator 1.5A, 3.3 V 3-Pin, TO-220 533-9448  LM1086CT-3.3/NOPB , non standard pin layout.",0,£1.75,,,,,,Rsonline,https://uk.rs-online.com/web/p/products/5339448/,
*,"STMicroelectronics LF33CV, 1 Low Dropout Voltage, Voltage Regulator 500mA, 3.3 V 3-Pin, TO-220",0,,£1.57,,,,,Rsonline,https://uk.rs-online.com/web/p/voltage-regulators/3554128,
,,,,,,,,,,,
,"USB 2.0 A to A Feedthrough Panel Mount Connector, CSK hole, Black Plastic XLR Frame -  CP30208N",0,4.63,,,,,,CPC,https://cpc.farnell.com/cliff-electronic-components/cp30208n/feedthru-usb2-a-to-a-black-plastic/dp/CN20403,
,"Slim USB 2.0 Type A Socket to USB 2.0 Type A Socket Feedthrough Connector Adaptor, Nickel Frame, CSK Holes CLIFF ELECTRONIC - CN23060 ",3,6.21,,,,Y,,CPC,https://cpc.farnell.com/cliff-electronic-components/cp30608nm/feedthru-usb2-0-a-a-slim-metal/dp/CN23060,
,,,,,,,,,,,
,"Nylon Cable Gland, M16, 4-8mm Cable Range, Black, IP68 -  PELB0264",20,£0.23,,,,Y,,CPC,https://cpc.farnell.com/pro-elec/pelb0264/cable-gland-m16-black/dp/CB21949,
,"Nylon Cable Gland, M20, 6-12mm Cable Range, Black, IP68 -  PELB0268",20,£0.28,,,,Y,,CPC,https://cpc.farnell.com/pro-elec/pelb0268/cable-gland-m20-black/dp/CB21953,
,,,,,,,,,,,
,"Circular Threaded Connector Plug, 2-Pole, 5-8mm, 5 Amps, IP68  PRO ELEC - PELR0114 ",2,£2.76,,,,Y,,CPC,https://cpc.farnell.com/mbs-connect/sp1310-p2iic/circular-plug-2-pole-5-8mm-ip68/dp/CN21307,
,"Circular Threaded Connector Socket, 2-Pole, 5-8mm, 5 Amps, IP68  PRO ELEC - PELR0121 ",2,£2.76,,,,Y,,CPC,https://cpc.farnell.com/pro-elec/pelr0121/circular-socket-2-pole-5-8mm-ip68/dp/CN21314,
,"Circular Threaded Connector Inline Plug, 2-Pole, 5-8mm, 5 Amps, IP68  PRO ELEC - PELR0128 ",2,£3.10,,,,Y,,CPC,https://cpc.farnell.com/mbs-connect/sp1311-p2iic/circular-in-line-plug-2-p-5-8mm/dp/CN21321,
,"Circular Threaded Connector Inline Socket, 2-Pole, 5-8mm, 5 Amps, IP68  PRO ELEC - PELR0135 ",2,£3.10,,,,Y,,CPC,https://cpc.farnell.com/mbs-connect/sp1311-s2iic/circular-in-line-socket-2-p-5/dp/CN21328,
,,,,,,,,,,,
,"Circular Threaded Connector Inline Plug, 3-Pole, 5-8mm, 5 Amps, IP68 PRO ELEC - PELR0129 ",2,£3.10,,,,Y,,CPC,https://cpc.farnell.com/mbs-connect/sp1311-p3iic/circular-in-line-plug-3-p-5-8mm/dp/CN21322,
,"Circular Threaded Connector Inline Socket, 3-Pole, 5-8mm, 5 Amps, IP68  PRO ELEC - PELR0136 ",2,£3.10,,,,Y,,CPC,https://cpc.farnell.com/mbs-connect/sp1311-s3iic/circular-in-line-socket-3-p-5/dp/CN21329,
,"Circular Threaded Connector Plug, 3-Pole, 5-8mm, IP68 -  5 Amps, PELR0115",2,£2.76,,,,Y,,CPC,https://cpc.farnell.com/mbs-connect/sp1310-p3iic/circular-plug-3-pole-5-8mm-ip68/dp/CN21308,
,"Circular Threaded Connector Socket, 3-Pole, 5-8mm, IP68  5 Amps, PRO ELEC - PELR0122 ",2,£3.12,,,,Y,,CPC,https://cpc.farnell.com/mbs-connect/sp1310-s3iic/circular-socket-3-pole-5-8mm-ip68/dp/CN21315,
,,,,,,,,,,,
,"Circular Threaded Connector Inline Plug, 4-Pole, 5-8mm, IP68  5 Amps, PRO ELEC - PELR0130 , mates with PELR0123, YES",2,£3.10,,,,Y,,CPC,https://cpc.farnell.com/mbs-connect/sp1311-p4iic/circular-in-line-plug-4-p-5-8mm/dp/CN21323,
,"Circular Threaded Connector Socket, 4-Pole, 5-8mm, IP68  5 Amps, PRO ELEC - PELR0123 , mates with PELR0130, YES",2,£2.76,,,,Y,,CPC,https://cpc.farnell.com/mbs-connect/sp1310-s4iic/circular-socket-4-pole-5-8mm-ip68/dp/CN21316,
,"Circular Threaded Connector Inline Socket, 4-Pole, 5-8mm, IP68 5 Amps,  PRO ELEC - PELR0137 ",2,£3.10,,,,Y,,CPC,https://cpc.farnell.com/mbs-connect/sp1311-s4iic/circular-in-line-socket-4-p-5/dp/CN21330,
,regulator,2,£2.76,,,,Y,,CPC,https://cpc.farnell.com/mbs-connect/sp1310-p4iic/circular-plug-4-pole-5-8mm-ip68/dp/CN21309,
,"Circular Threaded Inline Connector Socket, 2-Pole, 7-12mm, IP68   30 Amp, PPRO ELEC - PELR0163 , mates with PELR0170 ?",2,£4.14,,,,Y,,CPC,https://cpc.farnell.com/mbs-connect/sp2110-s2ii-1c/circular-socket-2-pole-7-12mm/dp/CN21356,
,"Circular Threaded Inline Connector Plug, 2-Pole, 7-12mm, IP68  30 Amp, PPRO ELEC - PELR0156  ",2,£4.14,,,,Y,,CPC,https://cpc.farnell.com/mbs-connect/sp2110-p2ii-1c/circular-plug-2-pole-7-12mm-ip68/dp/CN21349,
,"Circular Threaded Connector Inline Socket, 2-Pole, 7-12mm, IP68   30 Amp, PPRO ELEC - PELR0177 ",2,£4.48,,,,Y,,CPC,https://cpc.farnell.com/mbs-connect/sp2111-s2ii-1c/circular-in-line-socket-2-p-7/dp/CN21370,
,,,,,,,,,,,
,,,,,,,,,,,
,"Circular Threaded Inline Connector Plug, 3-Pole, 7-12mm, IP68   30 Amp, PPRO ELEC - PELR0157 ",2,£4.14,,,,Y,,CPC,https://cpc.farnell.com/mbs-connect/sp2110-p3ii-1c/circular-plug-3-pole-7-12mm-ip68/dp/CN21350,
,"Circular Threaded Inline Connector Socket, 3-Pole, 7-12mm, IP68 30 Amp, P PRO ELEC  - PELR0164 ",2,£4.14,,,,Y,,CPC,https://cpc.farnell.com/mbs-connect/sp2110-s3ii-1c/circular-socket-3-pole-7-12mm/dp/CN21357,
,"Circular Threaded Connector Inline Plug, 3-Pole, 7-12mm, IP68  30 Amp, PRO ELEC - PELR0171 ",2,£4.48,,,,Y,,CPC,https://cpc.farnell.com/mbs-connect/sp2111-p3ii-1c/circular-in-line-plug-3-p-7-12mm/dp/CN21364,
,"Circular Threaded Connector Inline Socket, 3-Pole, 7-12mm, IP68 30 Amp,PRO ELEC - PELR0178 ",2,£4.48,,,,Y,,CPC,https://cpc.farnell.com/mbs-connect/sp2111-s3ii-1c/circular-in-line-socket-3-p-7/dp/CN21371,
,,,,,,,,,,,
,"Circular Threaded Inline Connector Plug, 4-Pole, 7-12mm, IP68  30 Amp, PRO ELEC - PELR0158 ",2,£4.14,,,,Y,,CPC,https://cpc.farnell.com/mbs-connect/sp2110-p4ii-1c/circular-plug-4-pole-7-12mm-ip68/dp/CN21351,
,"Circular Threaded Connector Inline Plug(SOCKET?), 4-Pole, 7-12mm, IP68 30 Amp,  PRO ELEC - PELR0172 ",2,£4.48,,,,Y,,CPC,https://cpc.farnell.com/mbs-connect/sp2111-p4ii-1c/circular-in-line-plug-4-p-7-12mm/dp/CN21365,
,"Circular Threaded Inline Connector Socket, 4-Pole, 7-12mm, IP68 30 Amp, PRO ELEC - PELR0165 ",2,£4.14,,,,Y,,CPC,https://cpc.farnell.com/mbs-connect/sp2110-s4ii-1c/circular-socket-4-pole-7-12mm/dp/CN21358,
,"Circular Threaded Connector Inline Socket, 4-Pole, 7-12mm, IP68  30 Amp, PRO ELEC - PELR0179 ",2,£4.48,,,,Y,,CPC,https://cpc.farnell.com/mbs-connect/sp2111-s4ii-1c/circular-in-line-socket-4-p-7/dp/CN21372,
,,,,,,,,,,,
,,,,,,,,,,,
*,Wago 207-3306 Plastic Enclosure,2,£10,,,,,,Fusebox.shop,https://www.fusebox.shop/products/wago-207-3306-plastic-enclosure,
*,"Transducer, 5 VDC to 25 VDC, 100 dB, Sounder, 25 mA, Panel Mount, IP54MULTICOMP PRO",1,£9.47,,,,,,Farnell,https://uk.farnell.com/multicomp/mcabi-047-rc/sounder-ip54-100db-5-25vdc-panel/dp/2433030,
*,"Transducer, Magnetic, 3 VDC, 80 mA, 97 dB, 2.73 kHzKINGSTATE",1,£1.54,,,,,,Farnell,https://uk.farnell.com/kingstate/kssgj4b20/magnetic-transducer-smd-type/dp/1502710,
*,"RS PRO 102dB Panel Mount Continuous Internal Piezo Buzzer, 41.8 (Dia.) x 22mm, 3V dc Min, 16V dc MaxRS Stock No.:754-2015",1,£6.79,,,,,,Rsonline,https://uk.rs-online.com/web/p/piezo-buzzers/7542015,
*,"RS PRO 97dB SMD External Magnetic Buzzer Component, 8.5 x 8.5 x 3.2mm, 3V Min, 5V Max RS Stock No. 754-2065 Brand RS PRO ",1,£2.884,,,,,,Rsonline,https://uk.rs-online.com/web/p/products/7542065/,
*,"Sunon Axial Fan, 12 V dc, dc Operation, 8.2cfm, 1.14W, 95mA Max, 40 x 40 x 10mm RS Stock No. 283-5832 Brand Sunon Mfr. Part No. EE40101S1-1000U-999 ",1,£3.16,,,,,,Rsonline,https://uk.rs-online.com/web/p/axial-fans/2835832,
,,,,,,,,,,,
,,,,,,,,,,,
,,,,,,,,,,,
,Heschen Square Inductive Proximity Sensor Switch Non-Shield Type SN04-N2 Detector Distance 5mm 10-30VDC 200mA NPN Normally Closed(NC) 3 Wire,2,,4.79,,,Y,,Amazon,,
,"Heschen Limit switch TZ-8112 Parallel Roller Plunger Enclosed NO + NC Momentary 380 VAC 10A, Amazon",2,,8.49,,,Y,,Amazon,,
,Youmile 60 pcs 2.54mm Pin Header male and female combination Pin Header 0.1 inch 40Pin Single Row Breakaway PCB Board Connector kit for Arduino circuit board DIY ,1,,£8.99,,,Y,,Amazon,,
,,,,,,,,,,,
,"Car Motorcycle Voltmeter DC 12V-24V LED Panel Digital Voltage Volt Meter Display, BLUE display.",1,,5.89,,,Y,,Ebay,https://www.ebay.co.uk/itm/285977674863,
,2Pc 12 Terminal Block Bus Bar & Cover 12V Distribution Bus Bar Auto Boat Power,,,£12.19,,,Y,,Ebay,https://www.ebay.co.uk/itm/375543641228,
,,,,,,,,,,,
,Flysky Paladin PL18 2.4G 18CH RC Transmitter+FTr10 FTr16S Receiver Set HVGA B7D5,1,,284.99,,,N,,Ebay,,
*,"Heatsink cooling aluminium TO220 with silicon pad, screw and bushing",3,,£2.39,,,N,,Ebay,https://www.ebay.co.uk/itm/175030964274,
,,,,,,,,,,,
,,,,,,,,,,,
,simpleRTK2B Pro Arduino header options:: Without headers ZED-F9 SKU AS-RTK2B-PROF9P-L1L2-NH-00,0,$259.90,,,,N,,Ardusimple,https://www.ardusimple.com/product/simplertk2b-pro/,
,Radio module Long Range (LR) SKU AS-XBEE-LR-EU-SMA-01 ,2,$116.15,,,,N,,Ardusimple,https://www.ardusimple.com/product/radio-module-long-range/,
,simpleRTK2B Lite,3,228.85,,,,N,,Ardusimple,https://www.ardusimple.com/product/simplertk2blite/,
,"Budget Survey GNSS Multiband antenna (IP66),  AS-ANT2B-SUR-L1L2-25SMA-00 ",3,$102.35,,,,N,,Ardusimple,https://www.ardusimple.com/product/survey-gnss-multiband-antenna/,
,"Vehicle Mount LR/XLR Antenna,  AS-ANT-VEH ",2,$55.20,,,,N,,Ardusimple,https://www.ardusimple.com/product/lr-xlr-antenna-vehicle-mount/,
,"HT Set Screw, Fully Threaded Bolt, Zinc, UNC Thread, 5/8"" x 1”, + washers, for survey grade antennae",3,£3.00,,,,,,Ebay,,
,,,,,,,,,,,
,Bi-directional 4 way logic level shifter converter PCB module,3,,£1.35,,,,,Ebay,https://www.ebay.co.uk/itm/195572988505,
,,,,,,,,,,,
,,,,,,,,,,,
,,,,,,,,,,,
,,,,,,,,,,,
,TL22-8M-20F - 8mm Pitch 22 Tooth Flanged HTD Type Steel Taper Bore Timing Pulley for 20mm Wide Belts,1,16.56,19.872,,,,,Simply Bearings,,
,P40-8M-20F - 8mm Pitch 40 Tooth Flanged HTD Type Steel Pilot Bore Timing Pulley for 20mm Wide Belts,1,24.84,29.808,,,,,Simply Bearings,,
,HTD624-20-78 Major Brand Synchronous Belt 20mm Wide 8mm Pitch 78 Teet,1,24,28.8,,,,,Simply Bearings,,
,1008-10 Tapered Locking Bush with 10mm Bore,1,4.26,5.112,,,,,Simply Bearings,,
,Metric Slotted Carbon Spring Steel Spring Roll Pinswith Black Oxide Finish 6x45mm,1,£1.25,,,,,,Simply Bearings,,
,UCF204-12 Imperial Four Bolt Square Cast Iron Flange Housing with 3/4 inch Bore Insert,1,£9.35,,,,,,Simply Bearings,,
,62052RS Budget Rubber Sealed Deep Groove Ball Bearing 25x52x15mm,2,£4.96,,,,,,Simply Bearings,,
,51105 Budget Single Thrust Ball Bearing 25x42x11mm,1,£6.19,,,,,,Simply Bearings,,
,,,,,,,,,,,
,,,,,,,,,,,
,,,,,,,,,,,
,GR-EP-45ENC 45mm 12V 20W Planetary Gearmotor with Encoder Gearbox Ratio: 369:1 ,0,66.8,80.16,,,,,Gimson Robotics,https://gimsonrobotics.co.uk/products/gr-ep-45enc-45mm-12v-20w-planetary-gearmotor-with-encoder,
,GR-EP-45ENC 45mm 12V 20W Planetary Gearmotor with Encoder Gearbox Ratio: 188:1 ,1,66.8,80.16,,,,,Gimson Robotics,,
,GLA-Q40 12V 250N Compact Fast-Travel Linear Actuator with Encode 50mm Stroke (155mm Installation Length) ,0,79.4,95.28,,,,,Gimson Robotics,,
,"Stainless Steel Motor Mounting Bracket, for 45mm Gearboxes",1,10.8,12.96,,,,,Gimson Robotics,,
,sub total,,,,,,,,,,
,,,,,,,,,,,
,"Encoders EMS22A30-C28_MS6_ND, Digikey",0,39.55,,,,,,Digikey,,
,,,,,,,,,,,
,,,,,,,,,,,
,,,,,,,,,,,
,"Circuits from the Lab™ ADL5523 Amplifier 433.92MHz Evaluation Board, digikey, 505-EVAL-CN0555-EBZ-ND",0,36,,,,,,,,
,,,,,,,,,,,
,,,,,,,,,,,
,,,,,,,,,,,
,1/4 x 3 inch Slotted Spring Pins (ASME B18.8.2) - 420 Stainless Steel ,0,2.7,,,,,,,,
,APC (Accu Product Code): HSP-1/4-3-A1 £2.70 £2.70 Express - 2 In Stock & Ready To Ship Today   ,0,,,,,,,,,
,M8 x 60mm Cap Head Screws (DIN 912) - Zinc Plated High Tensile Steel (12.9) ,0,0.84,,,,,,,,
,APC (Accu Product Code): SSC-M8-60-12.9-Z £0.84 £0.84 Express - 31 In Stock & Ready To Ship Today   ,0,,,,,,,,,
,M8 x 55mm Cap Head Screws (DIN 912) - Zinc Plated High Tensile Steel (12.9) ,0,0.81,,,,,,,,
,APC (Accu Product Code): SSC-M8-55-12.9-Z £0.81 £0.81 Express - 130 In Stock & Ready To Ship Today,0,,,,,,,,,
,,,,,,,,,,,
,,,,,,,,,,,
,,,,,,,,,,,
,"Wurth Elektronik Threaded Standoff, M4 Thread, 70mm Body, Steel, Female/Female RS Stock No. 176-8278 Brand Wurth Elektronik Mfr. Part No. 970700471 ",6,£1.198,,,,,,Rsonline,https://uk.rs-online.com/web/p/products/1768278/,
,"RS PRO, M4 Brass Threaded Insert diameter 5.6mm Depth 7.95mm RS Stock No. 278-556 Brand RS PRO , use 5.7mm drill,",8,£0.15,,,,,,Rsonline,https://uk.rs-online.com/web/p/products/0278556/,
,Essentra CPVC RS Stock No. 265-2259 Brand Essentra Mfr. Part No. SS 8 2L ,8,£0.1,,,,,,Rsonline,https://uk.rs-online.com/web/p/products/2652259/,
,"RS PRO Pozidriv Pan Steel Machine Screws DIN 7985Z, M4x10mm RS Stock No. 560-681 Brand RS PRO ",12,£0.04,,,,,,Rsonline,https://uk.rs-online.com/web/p/products/0560681/,
,"RS PRO Pozi Countersunk Steel Machine Screws DIN 965, M4x10mm RS Stock No. 908-7517 Brand RS PRO ",8,£0.03,,,,,,Rsonline,https://uk.rs-online.com/web/p/products/9087517/,
,,,,,,,,,,,
,,,,,,,,,,,
,,,,,,,,,,,
,620PCS Male Jumper Pin Dupont Pin Crimp Wire Housing Kit Header Female Connector,1,,£7.99,,,,,Ebay,https://www.ebay.co.uk/itm/135127859074,
,JST ZH 1.5mm 4-Pin Connector PCB Socket Wire Cable UK Seller (for FTr10 receiver),1,,£4.79,,,,,Ebay,https://www.ebay.co.uk/itm/256210188764,
,,,,,,,,,,,
,,,,,,,,,,,
,,,,,,,,,,,
,,,,,,,,,,,
,ADS1115 16-Bit ADC - 4 Channel with Programmable Gain Amplifier - STEMMA QT / Qwiic,2,£11.17,,,,,,Digikey,https://www.digikey.co.uk/en/products/detail/adafruit-industries-llc/1085/5761229,
,ADS1115 16-Bit ADC - 4 Channel with Programmable Gain Amplifier - STEMMA QT / Qwiic,2,,£14.70,,,,,PiHut,https://thepihut.com/products/adafruit-ads1115-16-bit-adc-4-channel-with-programmable-gain-amplifier,
,"TMCS1123B4AQDVGR,  Current – Sensing -15.5A ~ 32.5A",4,£4.33,,,,,,Digikey,https://www.digikey.co.uk/en/products/detail/texas-instruments/TMCS1123B4AQDVGR/22168033,
,,,,,,,,,,,
,"4mm 41 Amp 12v 240v Tri Rated Cable Auto Wire, Car Automotive Marine Solar Loom ",0,,£2.1,,,,,Ebay,https://www.ebay.co.uk/itm/262625356779?var=561522892833,
,4mm2 /#12 AWG AUTOMOTIVE CABLE 39.00AMP - - 4mm2 Automotive cable:4mm2 Automotive cable RED/ per 1 mtr,10,£0.99,,,,,,altecautomotive.co.uk,https://www.altecautomotive.co.uk/4mm2-12-awg--automotive-cable-3900amp---1196-p.asp,
,4mm2 /#12 AWG AUTOMOTIVE CABLE 39.00AMP - - 4mm2 Automotive cable:4mm2 Automotive cable YELLOW/GREEN/ per 1 mtr,5,£0.99,,,,,,altecautomotive.co.uk,https://www.altecautomotive.co.uk/4mm2-12-awg--automotive-cable-3900amp---1196-p.asp,
,Unplated bare pure Copper Round Wire 2.64mm Jewelry Making / Wire Craft,1,£4.99,,,,,,Ebay,https://www.ebay.co.uk/itm/121692963953?_skw=BV+Wire+Pure+Copper+Single+Core+4mm2&var=420695391290,
,,,,,,,,,,,
,"50 AMP 6mm² Single Core Stranded Copper Cable 12v 24v Thin Wall Wire RED BLACK, 10m",10,,£14.95,,,,,Ebay,https://www.ebay.co.uk/itm/143254639548,
,"50 AMP 6mm² Single Core Stranded Copper Cable 12v 24v Thin Wall Wire RED RED, 10m",10,,£14.95,,,,,Ebay,https://www.ebay.co.uk/itm/143254639548,
,,,,,,,,,,,
,,,,,,,,,,,
,6 Way Fuse Box,0,,,,,,,,https://www.vehiclewiringproducts.co.uk/p-353-6-way-fuse-box,
,"Splash Proof Blade Fuse Holder, option = 25 – 6.0 mm cable",2,,£2.95,,,,,,https://www.vehiclewiringproducts.co.uk/c-52-fuse-boxes-fuses/c-122-blade-fuse-holders/p-659-splash-proof-blade-fuse-holder,
,Mounting Plate For Fuse Holder,2,,£0.70,,,,,,https://www.vehiclewiringproducts.co.uk/p-660-mounting-plate-for-fuse-holder,
,"LED Fuse Box, option = 10 way",1,,£27.41,,,,,,https://www.vehiclewiringproducts.co.uk/p-358-led-fuse-box,
,10 way ATO /ATC FUSE BOX with individual L.E.D. blown fuse indicator ALT/FBB10L-1-06,1,,£14.03,,,,,,https://www.altecautomotive.co.uk/10-way-ato-atc-fuse-box-with-individual-led-blown-fuse-indicator----altfbb10l-1-06-17986-p.asp,
,Convoluted tubing,0,,,,,,,,https://www.vehiclewiringproducts.co.uk/p-517-convoluted-tubing,
,"Standard Blade Fuse, option = 3 Amp",5,,£0.18,,,,,,https://www.vehiclewiringproducts.co.uk/p-671-standard-blade-fuse,
,"Standard Blade Fuse, option = 5 Amp",5,,£0.18,,,,,,https://www.vehiclewiringproducts.co.uk/p-671-standard-blade-fuse,
,"Standard Blade Fuse, option = 10 Amp",5,,£0.18,,,,,,https://www.vehiclewiringproducts.co.uk/p-671-standard-blade-fuse,
,"Standard Blade Fuse, option = 20 Amp",5,,£0.18,,,,,,https://www.vehiclewiringproducts.co.uk/p-671-standard-blade-fuse,
,"Standard Blade Fuse, option = 40 Amp",5,,£0.18,,,,,,https://www.vehiclewiringproducts.co.uk/p-671-standard-blade-fuse,
,"Cable, 35 amp, 4.5mm sq. 65/0.30, OD 5.1mm",,,£2.14,,,,,,https://www.vehiclewiringproducts.co.uk/c-48-cables/c-200-single-core-standard-pvc-cable/p-982-35-amp-4-5mm-sq-65-0-30,
,,,,,,,,,,,
,"RS PRO Black Nylon Cable Gland, M12 Thread, 3mm Min, 6.5mm Max, IP68, 669-4654",,,£1.05,,,,,Rsonline,https://uk.rs-online.com/web/p/cable-glands/6694654,
,,,,,,,,,,,
,"RS PRO Fan Filter for 40mm Fans, PUR Filter, ABS Frame, 40 x 40mm",2,£1.786,,,,,,Rsonline,https://uk.rs-online.com/web/p/fan-filters/7374074,
,"RS PRO Pozi Countersunk Steel Machine Screws DIN 965, M4x25mm",,£0.05,,,,,,Rsonline,https://uk.rs-online.com/web/p/machine-screws/0553453,
,"RS PRO, Bright Zinc Plated Steel Lock Nut, DIN 985, M4",,,,,,,,Rsonline,https://uk.rs-online.com/web/p/hex-nuts/0524304,
,"SIB SIB-TEC Series Grey PA 6 Cable Gland, M12 Thread, 2.5mm Min, 6.5mm Max, IP68",25,£1.25,,,,,,Rsonline,https://uk.rs-online.com/web/p/cable-glands/0564822,
,,,,,,,,,,,
,"FIBET Anti Vibration Mount, Universal, 22mm , 10mm",2,£6.16,,,,,,Rsonline,https://uk.rs-online.com/web/p/anti-vibration-mounts/7203451,
,"TE Connectivity, SOLISTRAND Uninsulated Ring Terminal, M8 (5/16) Stud Size, 16.8mm² to 26.7mm² Wire Size",,£1.27,,,,,,Rsonline,https://uk.rs-online.com/web/p/ring-terminals/7952144,
,,,,,,,,,,,
,,,,,,,,,,,
,GLA-Q40 12V 750N Compact High-Force Linear Actuator with Encoder (throttA),1,£83.90,,,,,,Gimson Robotics,https://gimsonrobotics.co.uk/products/gla-q40-12v-750n-compact-high-force-linear-actuator-with-encoder?variant=47076801315092,
,"Small Steel Actuator Mounting Bracket, 6mm",1,£7.00,,,,,,Gimson Robotics,https://gimsonrobotics.co.uk/products/small-steel-actuator-mounting-bracket-6mm?variant=45232803381524,
,"6-Pin Male to Female Extension Cable 1.35m, for Actuators with Encoders",1,£4.90,,,,,,Gimson Robotics,https://gimsonrobotics.co.uk/products/6-pin-male-to-female-extension-cable-1-35m-for-actuators-with-encoders?variant=46249431957780,
,,,,,,,,,,,
,,,,,,,,,,,
,,,,,,,,,,,
," PELR0160 - Circular Threaded Inline Connector Plug, 7-Pole, 7-12mm, IP68   Manufacturer: PRO ELEC  Order Code: CN21353 ",,£4.80,,,,,,CPC,,
," PELR0167 - Circular Threaded Inline Connector Socket, 7-Pole, 7-12mm, IP68   Manufacturer: PRO ELEC  Order Code: CN21360 ",,£4.80,,,,,,CPC,,
," PELR0174 - Circular Threaded Connector Inline Plug, 7-Pole, 7-12mm, IP68   Manufacturer: PRO ELEC  Order Code: CN21367 ",,£3.10,,,,,,CPC,,
," PELR0181 - Circular Threaded Connector Inline Socket, 7-Pole, 7-12mm, IP68   Manufacturer: PRO ELEC  Order Code: CN21374 ",,£3.10,,,,,,CPC,,
,,,,,,,,,,,
," PELR0125 - Circular Threaded Connector Socket, 6-Pole, 5-8mm, IP68   Manufacturer: PRO ELEC  Order Code: CN21318 ",,£3.60,,,,,,CPC,,
," PELR0132 - Circular Threaded Connector Inline Plug, 6-Pole, 5-8mm, IP68   Manufacturer: PRO ELEC  Order Code: CN21325 ",,£3.60,,,,,,CPC,,
," PELR0139 - Circular Threaded Connector Inline Socket, 6-Pole, 5-8mm, IP68   Manufacturer: PRO ELEC  Order Code: CN21332 ",,£5.16,,,,,,CPC,,
," PELR0118 - Circular Threaded Connector Plug, 6-Pole, 5-8mm, IP68  Manufacturer: PRO ELEC  Order Code: CN21311 ",,£5.16,,,,,,CPC,,
,,,,,,,,,,,
,,,,,,,,,,,
,,,,,,,,,,,
,100 x White Cable Ties 100mm x 2.5mm,,,£1.99,,,,,EBAY,,
,,,,,,,,,,,
,,,,,,,,,,,
,"RS PRO Blue Insulated Female Spade Connector, Receptacle, 0.8 x 6.35mm Tab Size, 1.5mm² to 2.5mm² RS Stock No. 178-8314 ",100,£6.78,,,,,,Rsonline,,
,"RS PRO Blue Insulated Male Spade Connector, Tab, 0.8 x 6.35mm Tab Size, 1.5mm² to 2.5mm² RS Stock No. 178-8383 ",100,£5.17,,,,,,Rsonline,,
,"TE Connectivity, PLASTI-GRIP Insulated Ring Terminal, M5 Stud Size, 2.6mm² to 6.6mm² Wire Size, Yellow RS Stock No. 745-4735 ",25,£6.45,,,,,,Rsonline,,
," RS PRO Yellow Insulated Female Spade Connector, Receptacle, 0.8 x 6.35mm Tab Size, 4mm² to 6mm² RS Stock No. 178-8315 ",100,£7.96,,,,,,Rsonline,,
,"RS PRO Yellow Insulated Male Spade Connector, Tab, 0.8 x 6.35mm Tab Size, 4mm² to 6mm² RS Stock No. 178-8384 ",100,£6.22,,,,,,Rsonline,,
,"Molex, InsulKrimp Insulated Crimp Ring Terminal, 1/4 (M6) Stud Size, Yellow RS Stock No. 213-5406 ",20,£6.08,,,,,,Rsonline,,
,,,,,,,,,,,
,,,,,,,,,,,
,150Pc Heat Shrink Tubing Tube Sleeve Kit Car Electrical Assorted Cable Wire Wrap,,£4.99,,,,,,EBAY,,
,,,,,,,,,,,
,,,,,,,,,,,
,"Metric Thread Nylon Locknut, 12mm / Grey",,£0.12,,,,,,cableglandsuk.com,https://www.cableglandsuk.com/products/metric-thread-nylon-locknut?variant=46462619975904,"Delivery £7.50, FREE over £75"
,"SIB TEC Polyamide Compression Gland (Metric) SIB/M12 / Grey (RAL 7035), SIB SIB-TEC Series Grey PA 6 Cable Gland, M12 Thread, 2.5mm Min, 6.5mm Max, IP68 ",,£0.30,,,,,,cableglandsuk.com,https://www.cableglandsuk.com/products/sib-tec-polyamide-compression-gland-metric?variant=43048401141984,
,,,,,,,,,,,
,"LM2937ES-3.3/NOPB, Fixed LDO Voltage Regulator, 4.75V to 26V, 500mV Dropout, 3.3Vout, 500mAout, TO-263-3, 3.3V D2PAK",,£3.98,,,,,,Farnell,,
,"IC REG LINEAR 5V 1.5A D2PAK, L7805ACD2T-TR",,,,,,,,CPC,£3.32 shipping,
,"236-404   CN14687  Data Sheet +RoHS  Terminal Block, PCB, 4 Way",,,,,,,,CPC,,
,"PP01768 - Butt Splice Terminals Yellow 48A, 100 Pack   Manufacturer: PRO POWER  Order Code: CN11408 ",,,,,,,,CPC,,
, ABBS - 27A Blue Butt Splice Wire Connector - Pack of 100   Pack Size: 100  Manufacturer: UNBRANDED  Order Code: CB19592 ,,,,,,,,CPC,,
,"Electronics Grade Silicone Adhesive Sealant, 20g - EGS10C-20G, Add to compare  Manufacturer: CHIP QUIK ,Manufacturer Part No: EGS10C-20G, Order Code: SA03781 ",,£3.88,,,,,,CPC,,
,"Ignite Thick Nitrile Examination Gloves, Orange XXL - 100 Pack - Manufacturer: AURELIA Manufacturer Part No: IGNITE XXL Order Code: HE36016 Also Known As: GTIN UPC EAN: 9555002110239",,£7.97,,,,,,CPC,,
,,,,,,,,,,,
,"PCB terminal block; lever; 16 mm²; Pin spacing 10 mm; 4-pole; CAGE CLAMP®; 16,00 mm²; gray | Item number: 2716-104 WAGO 55A",,£7.94,,,,,,Digikey,,
,WAGO 2716-102 2 Pole 10mm 76A 30° Lever PCB Terminal Block Grey,,£1.57,,,,,,Rapid,£5 delivery,
,,,,,,,,,,,
,PB Fastener S57040X50 Zinc Plated Steel F/F Spacers M4 x 50mm Pack Of 10  Code: 49-0948,,£5.18,,,,,,Rapid,£5 delivery,
,PB Fastener S47040X40 Zinc Plated Steel M/F Spacers M4 x 40mm Pack Of 10  Code: 49-0954,,£5.23,,,,,,Rapid,,
,PB Fastener S57040X45 Zinc Plated Steel F/F Spacers M4 x 45mm Pack Of 10  Code: 49-0947,,£6.18,,,,,,Rapid,,
,PB Fastener S47040X50 Zinc Plated Steel M/F Spacers M4 x 50mm Pack Of 10  Code: 49-0956,,£8.22,,,,,,Rapid,,
,,,,,,,,,,,
," M2 M2.5 M3 M4 Button Head Allen Bolt Screws Nyloc Nuts Washers Stainless Steel£5.62Unit price £5.62 Item number: 225336502983  , 10 Screws, 10 Nuts, 10 Washers ⋅ 25mm ⋅ M3, Boltbase",,,£5.62,,,,,EBAY,,
,,,,,,,,,,,
,WAGO 2716-102 2 Pole 10mm 76A 30° Lever PCB Terminal Block Grey,,£1.57,,,,,,Rapid,£5 delivery,
,"PB Fastener S45530X30 Zinc Plated Steel M/F Spacers M3 x 30mm Pack Of 10   Order Code: 49-0936, MPN: S45530X30",,£2.42,,,,,,Rapid,,
,"R-TECH 337069 Pozi Countersunk Machine Screws BZP M3 12mm - Pack Of 100, Order Code:  33-7069, Brand: R-TECH MPN: 337069 ",,£1.56,,,,,,Rapid,,
,"R-TECH 337039 Pozi Pan Head Machine Screws BZP M3 25mm - Pack Of 100, 33-7039,Brand: R-TECH MPN: 337039",,£2.25,,,,,,Rapid,,
,"Rapid GW010600 Extra Flexible Wire Red 25m, 6A, Order Code: 01-0600, Brand: Rapid MPN: GW010600, Red, Black, White, Blue, White and Green available. OD 2.8mm.",,£8.19,,,,,,Rapid,,
,,,,,,,,,,,
,Brother PT E110VP PTE110VP labelling machine,,,£48.59,,,,,tool station,,
,Brother TZE-FX221 P-Touch Black on White Flexible ID Laminated Tape 9mm x 8m,,,£10.29 ,,,,,cartridgepeople.com,,
,,,,,,,,,,,
,Set screws CS M10 A2 STAINLESS STEEL COUNTERSUNK BOLT NYLOC LOCK NUT WASHER SOCKET x 10,,,£11.69,,,,,EBAY,,
,,,,,,,,,,,
,SOLID RUBBER SHEETING 10MM THICKNESS 200 x 200 ,,,£10.25,,,,,EBAY,,
,M5 SOCKET CAP SCREWS A2 STAINLESS STEEL HEX ALLEN KEY BOLTS DIN 912 x 50mm …. 4of,,,£3.20,,,,,EBAY,,
,,,,,,,,,,,
,,,,,,,,,,,
,,,,,,,,,,,
,"Werma 200 Series Red Continuous lighting Beacon, 12 → 230 V, Base Mount, Filament Bulb, IP65, RS Stock No.2517994, Mfr. Part No. 200.100.00",,£20.17,,,,,,Rsonline,,
," Werma 200 Series Yellow Continuous lighting Beacon, 12 → 230 V, Base Mount, Filament Bulb, IP65, RS Stock No.2517996, Mfr. Part No.200.300.00",,£20.17,,,,,,Rsonline,,
,"Werma 200 Series Green Continuous lighting Beacon, 12 → 230 V, Base Mount, Filament Bulb, IP65, RS Stock No.2517995, Mfr. Part No.200.200.00",,£20.17,,,,,,Rsonline,,
," Werma 200 Series Clear Continuous lighting Beacon, 12 → 230 V, Base Mount, Filament Bulb, IP65, RS Stock No.2517997 Mfr. Part No.200.400.00",,£20.17,,,,,,Rsonline,,
,"Werma 200 Series Blue Continuous lighting Beacon, 12 → 230 V, Base Mount, Filament Bulb, IP65, RS Stock No.2517999Mfr. Part No.200.500.00",,£20.17,,,,,,Rsonline,,
,209 BULB 12 VOLT 5 WATT DOUBLE CONTACT BA15D BOXED - 10 BULBS,10,£5.99,,,,,,ebay,https://www.ebay.co.uk/itm/236677144171,
,,,,,,,,,,,
,"BTS441RGATMA1, IC PWR SWITCH N-CHAN 1:1 TO263-5, High side switch",,£3.78,,,,,,Digikey,,
,,,,,,,,,,,
,sourcing map 20 Pcs Female PCB Header 40 Way 2mm Pitch Connector Black Sold by: Ascot City ,,,£14.28,,,,,Amazon,,
,Boobrie SMA Cable RG316 SMA Male to SMA Female Right Angle Coaxial Cable WiFi Antenna Cable SMA 90 Degree Cable SMA Bulkhead Connector 5.9 Inches 15cm for Mobile Antennas/WiFi Antenna etc Pack of 2 ,2,,£8.99,,,,,Amazon,,
,,,,,,,,,,,
,,,,,,,,,,,
,M4 A4 Stainless Socket COUNTERSUNK Screws - Allen Key Bolts Hex Marine  length 10mm,10,,£3.97,,,,,EBAY,,
,M4 A4 Stainless Socket COUNTERSUNK Screws - Allen Key Bolts Hex Marine  length 8mm,10,,£3.97,,,,,EBAY,,
,,,,,,,,,,,
,Red Classic Car Dash Board Panel Warning Light Lamp 12v 17mm Hole,1,,£4.99,,,,,EBAY,,
,,,,,,,,,,,
,"Flowfit cetop 3, 4 station steel manifold with relief valve cavity  SKU: MD-03P-4-G-M26",1,£99.86,,,,,,Flowfit,,
,"Flowfit Cetop 3 NG6 3 Position Solenoid Valve, 12 V DC, 3C2 - Flowfit Powerpacks   SKU: TIA-02-3C2-D1  Voltage:12 DC",4,£65.89,,,,,,Flowfit,,
,"Flowfit Hydraulic Motor 19,9 cc/rev 16mm Parallel Keyed Shaft, Rear ports, Product SKU: FFPMM20C-S",4,£67.11,,,,,,Flowfit,,
,,,,,,,,,,,
,"Major Branded HRC70F Coupling Assembly Inner Facing Taper Bores Max Bush Bore 25mm / 1 inch with Natural Rubber Insert , OD69",1,£18.80 ,,,,,,Simply Bearings,,
,1008-16 Tapered Locking Bush with 16mm Bore,1,£4.47 ,,,,,,Simply Bearings,,
,1008-20 Tapered Locking Bush with 20mm Bore,1,£4.47 ,,,,,,Simply Bearings,,
,UCP204 Metric Cast Iron Two Bolt Pillow / Plummer Block Housing with 20mm Bore Insert ,2,£9.81 ,,,,,,Simply Bearings,,
,,,,,,,,,,,
,M4 Metal Hex-Standoff/Spacer Nickel Plated Brass 30mm Manufacturer ETTINGER Order Code PC02029 ,,,,,,,,CPC,,
,,,,,,,,,,,
,1/0.6mm Single Core Equipment /Hook up Wire 22AWG Different Colours and Lengths,1, £3.70,,,,EBAY,,,,
,,,,,,,,,,,
,FOUR PRONGED T NUTS CAPTIVE THREADED INSERTS FOR WOOD FURNITURE M4,4, £0.99,,,,EBAY,,,,
,,,,,,,,,,,
,T3695 - Self Adjusting Bootlace Ferrule Crimper  Manufacturer: CK TOOLS Order Code: TL23729 ,1,£81.61,,,,,,CPC,,
,,,,,,,,,,,
,M6 (6mmØ) SOCKET CAP SCREWS HEXAGON ALLEN KEY BOLTS DIN 912 A2 STAINLESS STEEL,20,,£4.09,,,EBAY,,EBAY,Kayes fasteners royal mail 24,
,,,,,,,,,,,
,SNR USPG205 Threaded Base Small Footprint Metric Pillow / Plummer Block Housing with 25mm Bore Insert,4,£21.95,,,,,,Simply Bearings,Wheel bearings for implement,
,,,,,,,,,,,
,"Grade E220, 28.6mm x 1.6mm (1.1/8"" x 16 swg) Mild Steel Tube",,,,,,,,,,
,"31.7mm x 3.2mm (1 1/4"" x 10swg) Mild Steel Tube Cold Drawn Seamless Tube, ID 25.3,  Mill Finish Grade CFS 3BK",,,,,,,,,,
,MILD STEEL SEAMLESS ROUND TUBE METAL PIPE CDS 9.5 to 50.8mm O/D 0.1 to 0.5 meter,,,,,,,,EBAY,,
,,,,,,,,,,,
,,,,,,,,,,,
,,,,,,,,,,,
,,,,,,,,,,,
,"Flowfit Cetop 3 NG6 2 Position Solenoid Valve, 12V DC, 2B60B  SKU: F5-02-2B60B-D1, Spool Configuration: P to T, A&B Blocked >> P to A, B to T (2B60B Spool Type)",1,£52.48,,,,,,Flowfit,,
,,,,,,,,,,,
,"Flowfit Hydraulic Cetop 3 Station 3 Relief Valve M26X1.5 RV 1/2"" Ports  SKU: MD-03P-3-G-M26-1/2",2,£142.24,,,,,,Flowfit,,
,"Hydraulic 2 Way Flow Divider, V-EQ 8 1-3 L/min  SKU: V1001 Max Flow: 3 L/min Thread Size: P 3/8"" BSP , A-B 3/8"" BSP Type: V-EQ 8",0,£118.56,,,,,,Flowfit,,
,"Flowfit Hydraulic 3 port Adjustable flow control c/w Relief valve 1/2"" BSP ports Product SKU: ZZ005423",2,£44.92,,,,,,Flowfit,,
,,,,,,,,,,,
,CETOP 3 FOUR STATION MANIFOLD Part no. EM-213/4Y,1,£104.46,,,,,,Hydrastore,,
,,,,,,,,,,,
,"Hydraulic 3 Way Flow Control Valve, VPR3 3/8"" with Second Function SKU: V1060 Max Flow: 60 L/min Thread Size: 3/8"" BSP Type: VPR3 3/8",1,£148.20,,,,,,Flowfit,,
,,,,,,,,,,,
,1/4″ BSPP x 1/4″ BSPP Male/Female Swivel Compact Elbow,,,£5.88,,,,,Hosehop.net,,
,,,,,,,,,,,
,,,,,,,,,,,
,Banjo ¼” hose,,,,,,,,,,
,,,,,,,,,,,
,Sensata DHM5 – DHK5 – DH05 incremental io link encoder,,,,,,,,,,
,"YUMO encoder A6B2-CWZ5B 1000PPR Shaft Optical Incremental Rotary Encoder, 6mm shaft, PCD 30",1,$30.00,,,,,,Alibaba,https://www.alibaba.com/product-detail/YUMO-encoder-A6B2-CWZ5B-1000PPR-Shaft_1600729972392.html,
,"encoder E6B2-CWZ5B 1000PPR Shaft Optical Incremental Rotary Encoder, 6mm shaft, PCD 30",1,£20,,,,,,Aliexpress,https://www.aliexpress.com/item/1005006274147056.html?src=google&pdp_npi=4@dis!GBP!17.08!15.89!!!!!@!12000036563434603!ppc!!!&gQT=2#nav-specification,
,,,,,,,,,,,
,"12"" Long 5/8"" x 36 Spline Stub Shaft SKU: AC425020-12",1,£9.98,,,,,,Extreme Baja Karts,https://www.extremebajakarts.co.uk/12-inch-long-five-eighths-inch-36-spline-steel-stub-shaft.html,
,,,,,,,,,,,
,"CHEAP BRIGHT MILD STEEL EN3B ROUND SOLID METAL BAR ROD 3MM-50MM VARIOUS LENGTHS, Bar Diameter: 3/4"", Length: 300mm",,,£14.97,,,,,EBAY,,
,,,,,,,,,,,
,UCP204-12 Imperial Cast Iron Two Bolt Pillow / Plummer Block Housing with 3/4 inch Bore Insert ,2,£9.81 ,,,,,,Simply Bearings,,
,Imperial Slotted Stainless Steel DIN1481 Spring Roll Pins 1/4x1-3/4 inch,1,£3.37,,,,,,Simply Bearings,,
,,,,,,,,,,,
,,,,,,,,,,,
,AMC Single Core Thin Wall Cable - 10.0mm² 70AProduct code: P01303,1,,£3.13,,,,,12V planet,https://www.12voltplanet.co.uk/P01303.html,
,10mm2 70 A Amp Thinwall PVC Cable Black Red 1 - 100M M Lengths 70A Amps Battery,5,,£13.50,,,,,EBAY,,
,Copper Lug Terminal Battery Welding Cable Tube Connector Ring Crimp ALL SIZES!!!,2,,£4.69,,,,,EBAY,,
,Copper Tube Terminals Terminal Battery Welding Cable Lug Eyelet Crimp All Sizes,10,,£4.45,,,,,EBAY,,
,MIDI/STRIP LINK FUSE HOLDER CAR AUTO HEAVY DUTY 30/40/50/60/70/80/100/125/150AMP New60 Amp Fuse Only,2,,£5.98,,,,,EBAY,,
,,,,,,,,,,,
,"M5 x 150mm Socket Cap Screw High Tensile Grade 12.9 Self Colour , DIN 912 × 16 ",16,,£22.09 ,,,,,Boltworld,,
,"M5 x 160mm Socket Cap Screw High Tensile Grade 12.9 Self Colour , DIN 912 × 4 ",4,,£6.01,,,,,Boltworld,,
,,,,,,,,,,,
,,,,,,,,,,,
,,,,,,,,,,,
,,,,,,,,,,,
117721,BONDED SEAL MS NBR S/C G1/8 ,In Stock ,£0.24 ,£1.20,,,,,Duncan Rogers,,
117722,BONDED SEAL MS NBR S/C G1/4 ,In Stock ,£0.17 ,£4.08,,,,,Duncan Rogers,,
117723,BONDED SEAL MS NBR S/C G3/8 ,In Stock ,£0.20 ,£4.00,,,,,Duncan Rogers,,
117724,BONDED SEAL MS NBR S/C G1/2 ,In Stock ,£0.45 ,£2.70,,,,,Duncan Rogers,,
131921,CARRIER ISOA 1/4 ,In Stock ,£5.92 ,£47.36,,,,,Duncan Rogers,,
139333,O RING EPDM ID:9.0 OD:12.0 ,In Stock ,£0.11 ,£2.20,,,,,Duncan Rogers,,
113526,1/4 x 3/8 BSP M/M Adaptor ,In Stock ,£1.21 ,£14.52,,,,,Duncan Rogers,,
113525,BSP M/M 1/4 x 1/4 ,In Stock ,£1.34 ,£10.72,,,,,Duncan Rogers,,
140416,PROBE ISOA G1/4 ,In Stock ,£4.36 ,£34.88,,,,,Duncan Rogers,,
113535,G1/2M X G3/8M ,In Stock ,£1.90 ,£3.80,,,,,Duncan Rogers,,
113534,3/8 x 3/8 BSP M/M Adaptor ,In Stock ,£1.60 ,£6.40,,,,,Duncan Rogers,,
116186,1/8 B Coned Plug ,5 in stock ,£1.07 ,£5.35,,,,,Duncan Rogers,,
116187,1/4 B Coned Plug ,In Stock ,£1.15 ,£2.30,,,,,Duncan Rogers,,
116188,3/8 B Coned Plug ,In Stock ,£1.50 ,£7.50,,,,,Duncan Rogers,,
116189,1/2 BSP Coned Plug ,In Stock ,£1.60 ,£6.40,,,,,Duncan Rogers,,
,,,,,,,,,,,
,,,,,,,,,,,
,"1/4"" BSPP BANJO BOLT FOR 1/4"" HOSE THREAD SKU: BOLT04 Thread Size:  1/4"" BSPP BANJO BOLT FOR 1/4"" HOSE THREAD",8,,,,,,,Flowfit,,
,,,,,,,,,Flowfit,,
,"Hydraulic Light Weight Relief Valve, VMP 3/8"" L, 10-180 Bar, Handknob SKU: V0690/V180 Adjustment:  Handknob Max Flow:  40 L/min Max Pressure:  350 Bar Thread Size:  3/8"" BSP Type:  VMP 3/8"" L PORT BSP / Spring Range Bar:  3/8"" BSP / 10-180 BAR",,,,,,,,Flowfit,,
,,,,,,,,,,,
,"Oleorama Hydraulic Parallel Scheme Manifold, 6 Station, 1/2"" BSP inlet ports 3/8"" Service ports, Alu SKU: CMA0150-CB-06-OL Material:  Number of Stations:  Port Sizes:  1/2"" BSP inlet, 3/8"" Service ports",,,,,,,,Flowfit, https://www.flowfitonline.com/products/oleorama-hydraulic-parallel-scheme-manifold-6-station-1-2-bsp-inlet-ports-3-8-service-ports-alu,
,Flowfit cetop 3 NG6 steel cover plate SKU: D5-03-CP-G https://www.flowfitonline.com/products/flowfit-cetop-3-ng6-steel-cover-plate,,,,,,,,Flowfit,,
,"Grease Nipple to Suit Hydraulic Cylinder, M8x1,25 SKU: GREASE_NIPPLE https://www.flowfitonline.com/products/grease-nipple-to-suit-hydraulic-cylinder-m8x1-25",,,,,,,,Flowfit,,
,"Flowfit Hydraulic 3 port Adjustable flow control c/w Relief valve 1/2"" BSP ports SKU: ZZ005423  Max Flow:  Max Pressure:  Type:  3 PORT ADJUSTABLE FLOW CONTROL VALVE WITH RELIEF ½""",,,,,,,,Flowfit,https://www.flowfitonline.com/products/flowfit-hydraulic-3-port-adjustable-flow-control-c-w-relief-valve-1-2-bsp-ports,
,"Flowfit 3 Way Hydraulic Solenoid Diverter 1/2"" BSP Port Size, 12V DC, 80 L/Min Flows Product SKU: SDV3DC12NZ5LG12  1/2"" BSP Port Size 12V Solenoid DC 80 L/Min Max Pressure 210Bar Qty:2",,,,,,,,Flowfit,https://www.flowfitonline.com/products/flowfit-3-way-hydraulic-solenoid-diverter-1-2-bsp-port-size-12v-dc-80-l-min-flows,
,,,,,,,,,,,
,,,,,,,,,,,
,,,,,,,,,,,
,"Oleorama Hydraulic Parallel Scheme Manifold, 6 Station, 1/2"" BSP inlet ports 3/8"" Service ports, Alu",,,,,,,,,,
,SKU: CMA0150-CB-06-OL,,,,,,,,,,
,https://www.flowfitonline.com/products/oleorama-hydraulic-parallel-scheme-manifold-6-station-1-2-bsp-inlet-ports-3-8-service-ports-alu,,,,,,,,,,
,Material: ,Aluminium,,,,,,,,,
,Number of Stations: ,6 Stations,,,,,,,,,
,"Port Sizes: 	1/2"" BSP inlet, 3/8"" Service ports",,,,,,,,,,
,,,,,,,,,,,
,,,,,,,,,,,
,,,,,,,,,,,
,,,,,,,,,,,
,,,,,,,,,,,
,Flowfit cetop 3 NG6 steel cover plate,,,,,,,,,,
,SKU: D5-03-CP-G,,,,,,,,,,
,https://www.flowfitonline.com/products/flowfit-cetop-3-ng6-steel-cover-plate,,,,,,,,,,
,,,,,,,,,,,
,,,,,,,,,,,
,"Grease Nipple to Suit Hydraulic Cylinder, M8x1,25",,,,,,,,,,
,SKU: GREASE_NIPPLE,,,,,,,,,,
,https://www.flowfitonline.com/products/grease-nipple-to-suit-hydraulic-cylinder-m8x1-25,,,,,,,,,,
,,,,,,,,,,,
,"Flowfit Hydraulic 3 port Adjustable flow control c/w Relief valve 1/2"" BSP ports",,,,,,,,,,
,SKU: ZZ005423,,,,,,,,,,
,https://www.flowfitonline.com/products/flowfit-hydraulic-3-port-adjustable-flow-control-c-w-relief-valve-1-2-bsp-ports,,,,,,,,,,
,Max Flow: ,114 L/min,,,,,,,,,
,Max Pressure: ,200 Bar,,,,,,,,,
,"Type: 	3 PORT ADJUSTABLE FLOW CONTROL VALVE WITH RELIEF 1/2""",,,,,,,,,,
,,,,,,,,,,,
,"Flowfit 3 Way Hydraulic Solenoid Diverter 1/2"" BSP Port Size, 12V DC, 80 L/Min Flows",,,,,,,,,,
,Product SKU: SDV3DC12NZ5LG12,,,,,,,,,,
,https://www.flowfitonline.com/products/flowfit-3-way-hydraulic-solenoid-diverter-1-2-bsp-port-size-12v-dc-80-l-min-flows,,,,,,,,,,
,"1/2"" BSP Port Size",,,,,,,,,,
,12V Solenoid DC,,,,,,,,,,
,80 L/Min,,,,,,,,,,
,Max Pressure 210Bar,,,,,,,,,,
,Qty:2,,,,,,,,,,
,,,,,,,,,,,
,,,,,,,,,,,
,VC0800/120 80L/MIN CARTRIDGE RELIEF VALVE 1 69.06 EACH 57.50 29.35 1 VMPC80 10-120BAR M26X1.5 MD-03,1,,£29.35,,,,,Flowfit,,
,MD-03P-8-G-M26 CETOP 3 8 STATION STEEL MANIFO 1 351.16 EACH 57.50 149.24 1 '-LD M26X1.5 RV CAVITY,1,,£149.24,,,,,Flowfit,,
,,,,,,,,,,,
,"3/8"" BSPP BANJO BOLT FOR 3/8"" HOSE THREAD SKU: BOLT06",,,,,,,,Flowfit,,
,"Bonded Seals (Self Centre) 1/4"" BSP Pack of 10 SKU: BS1410",,,,,,,,Flowfit,,
,"Pressure Relief Valve, 0-50 Bar, 3/4-16 UNF SKU: TRV-08-5 0-50 Bar",,,,,,,,Flowfit,,
,,,,,,,,,,,
,M5 / 5mm CAP HEAD ALLEN BOLTS SOCKET ALLEN CAP SCREWS A2 STAINLESS STEEL DIN 912,20,,,,,,,EBAY,,
,,,,,,,,,,,
,"1x Solstice Twinwall Polycarbonate Sheet Clear 4mm – (""AA644"")",,,£13.48,,,,,tool station,,
,1 x Axiome Twinwall Polycarbonate Roofing Sheet Clear 690mm x 4mm x 1000mm,,,£10.45,,,,,screwfix,,
,,,,,,,,,,,
,On-Off-On DPDT Toggle Switch 250V AC 15A,1,,£4.19,,,,,Ebay,,
,DC12V 100A 200A 4Pin Automotive Relay Normally Open Switch Relay For Car Boat UK,1,,£8.99,,,,,Ebay,,
,,,,,,,,,,,
,"Box of 100 ""HEAVY DUTY"" 7ML Thick Aurelia Ignite Textured Orange Nitrile Gloves",1,,£12.7,,,,,Ebay,,
,,,,,,,,,,,
,"BSP Hydraulic Adaptor 90 Degree Swept Hydraulic Coupling Connector M/M, M/F, F/F",2,,£8.95,,,,,Ebay,,
,,,,,,,,,,,
,1 x Time 2182Y Black 2-Core 0.5mm² Flexible Cable 50m Drum,1,,£16.23,,,,,screwfix,,
,,,,,,,,,,,
,,,,,,,,,,,
,"Adaptor, USB, D Type - NAUSB-W,  Order Code: CN09520 , reversible USB 2.0 gender changer (type A and B) adaptor. ",3,£5.06,,,,,,CPC,,
,"PSG91633 - Reversible USB 2.0 A to B Lead Male to Male, 0.5m   Manufacturer: PRO SIGNAL Order Code: CS32888 ",,£1.26,,,,,,CPC,,
,"D03174 - 40W Soldering Iron with Rubber Lead, 240V   Manufacturer: DURATOOL  Order Code: SD02130 ",,£2.25,,,,,,CPC,,
,,,,,,,,,,,
,Micro USB to USB Type B Cable Lead For Printer HP Canon Brother Epson Samsung HP,,,£3.98,,,,,EBAY,,
,,,,,,,,,,,
,5 PCS - 12mm Round Metal Push Button Switch Momentary Power Reset ,,,£6.10,,,,,EBAY,,
,,,,,,,,,,,
,"50.8mm x 6.3mm (2"" x 1/4"") Mild Steel Flat Bright x 600mm",2,£10.42,,,,,,metals4u,https://www.metals4u.co.uk/materials/mild-steel/mild-steel-flat/flat-bright/2590-p,
,"63.5mm x 6.3mm (2 1/2"" x 1/4"") Mild Steel Flat Bright  x 600mm",2,£16.60,,,,,,metals4u,https://www.metals4u.co.uk/materials/mild-steel/mild-steel-flat/flat-bright/2591-p,
,,,,,,,,,,,
,,,,,,,,,,,
,SMA Right Angle Gold 90 Degree Female Socket To Male Plug Coupler Elbow Adaptor,4,,£2.80,,,,,EBAY,,
,,,,,,,,,,,
,,,,,,,,,,,
,,,,,,,,,,,
131921,CARRIER ISOA 1/4,2 in stock ,£7.41 ,£14.82,,,,,Duncan Rogers,,
113525,BSP M/M 1/4 x 1/4,In Stock ,£1.34 ,£2.68,,,,,Duncan Rogers,,
113526,1/4 x 3/8 BSP M/M Adaptor,In Stock ,£1.60 ,£3.20,,,,,Duncan Rogers,,
140416,PROBE ISOA G1/4,In Stock ,£5.58 ,£11.16,,,,,Duncan Rogers,,
117722,BONDED SEAL MS NBR S/C G1/4 ,In Stock ,£0.17 ,,,,,,,,
117723,BONDED SEAL MS NBR S/C G3/8 ,In Stock ,£0.20 ,,,,,,,,
,,,,,,,,,,,
,,,,,,,,,,,
,"Flowfit Cetop 3 NG6 3 Position Solenoid Valve, 12V DC, 3C2 Product SKU: F5-02-3C2-D1  …………. 1 of",1,£70.56,70.56,,,,,Flowfit,,
,"SKU: 2SHose Hose: 2SN_BRANDED_Hose_1/4 (Length:1.5, Rotation:0) (sku: HOSE_2SN_04_1-5_0) Fit1: 1/4 X 1/4 BSP Straight Female (sku: FF0404CF_HoseFit) Fit2: 1/4 X 1/4 BSP 90 Female (sku: FF049004CF_HoseFit)  ……. 1 of",1,£7.78,7.78,,,,,Flowfit,,
,"SKU: 2SHose Hose: 2SN_BRANDED_Hose_1/4 (Length:1.75, Rotation:0) (sku: HOSE_2SN_04_1-75_0) Fit1: 1/4 X 1/4 BSP Straight Female (sku: FF0404CF_HoseFit) Fit2: 1/4 X 1/4 BSP 90 Female (sku: FF049004CF_HoseFit) …… 1 of",1,£8.39,8.39,,,,,Flowfit,,
,Hydraulic D/Acting Cylinder/Ram 32Bore 20Rod 300Stroke 455Closed 700/30  ……. 1 of,1,£88.88,88.88,,,,,Flowfit,,
*Changed*  ,1/4 BSP x 1/4 BSP M/M Hydraulic Adaptor Product SKU: BUR00005 ……. 12 of,4,£0.98,4,,,,,Flowfit,,
,"Hydraulic ISO A quick release coupling set 1/4"" BSP   …………. 2 of",3,£5.32,10.6,,,,,Flowfit,,
,1/4 BSP x 3/8 BSP M/M Hydraulic Adaptor Product SKU: BUR00006 ……….. 2 of,4,£1.12,2.24,,,,,Flowfit,,
,"Bonded Seals (Self Centre) 3/8"" BSP Pack of 10 Product SKU: BS3810 ……. 1 pack of 10",6,,1.86,,,,,Flowfit,,
*Changed*  ,1/4 BSP x 1/4 BSP F/F 90° Compact Hydraulic Adaptor Product SKU:  BUR05026  …….. 1 of,,£5.29,,,,,,Flowfit,,
*Changed*  ,"Hydraulic Compensated Flow Control Valve, VRFB 90 ¼"" Product SKU: V0584 ……. 3 of",,£25.76,,,,,,Flowfit,,
,,,,,,,,,,,
,,,,,,,,,,,
,,,,,,,,,,,
,simpleRTK2B Pro Arduino header options:: Without headers ZED-F9 SKU AS-RTK2B-PROF9P-L1L2-NH-00,0,$259.90,,,,N,,Ardusimple,https://www.ardusimple.com/product/simplertk2b-pro/,
,Radio module Long Range (LR) SKU AS-XBEE-LR-EU-SMA-01 ,2,$116.15,,,,N,,Ardusimple,https://www.ardusimple.com/product/radio-module-long-range/,
,simpleRTK2B Lite,3,228.85,,,,N,,Ardusimple,https://www.ardusimple.com/product/simplertk2blite/,
,"Budget Survey GNSS Multiband antenna (IP66),  AS-ANT2B-SUR-L1L2-25SMA-00 ",3,$102.35,,,,N,,Ardusimple,https://www.ardusimple.com/product/survey-gnss-multiband-antenna/,
,"Vehicle Mount LR/XLR Antenna,  AS-ANT-VEH ",2,$55.20,,,,N,,Ardusimple,https://www.ardusimple.com/product/lr-xlr-antenna-vehicle-mount/,
,,,,,,,,,,,
,"simpleRTK2B Lite  189,00€	 simpleRTK2B Lite quantity  = 3  567,00€	",,,,,,,,,,
,"Budget Survey GNSS Multiband antenna (IP66)  89,00€  Budget Survey GNSS Multiband antenna (IP66) quantity = 189,00€	",,,,,,,,,,
,"Ardusimple Vehcile Mount LR-XLR antenna  Vehicle Mount LR/XLR Antenna - Europe  XLR radio options: Europe 48,00€  Vehicle Mount LR/XLR Antenna - Europe quantity = 3  144,00€ ",,,,,,,,,,
,"Cable extender 5m  SMA antenna RF cable extender - 5m Cable length: 5m  25,00€  SMA antenna RF cable extender - 5m quantity 25,00€	",,,,,,,,,,
,"Cable extender 2.5m  SMA antenna RF cable extender - 2.5m Cable length:  2.5m   20,00€",,,,,,,,,,
,"Total = 833,51€",,,,,,,,,,
,Total = £708.4835,,,,,,,,,,
,,,,,,,,,,,
,,,,,,,,,,,
,"Rugged TNC to SMA Survey antenna cable SKU: AS-CAB-TNCM-1M5-SMAM-RG58-00  28,00€ Cable length: 1.5m, 28,00€",,,,,,,,,,
,,,,,,,,,,,
,USB 2.0 Right-Angle Male to Female Data Transfer Charging Extender Cable for usb camera,,,£6.99,,,,,EBAY,,
,,,,,,,,,,,
,"Flowfit Hydraulic 3 port Adjustable flow control c/w Relief valve 1/2"" BSP ports SKU: ZZ005423  Max Flow:  Max Pressure:  Type:  3 PORT ADJUSTABLE FLOW CONTROL VALVE WITH RELIEF ½""",ZZ005423,"£49,92",,,,,,Flowfit,,
,"Flowfit 3 Way Hydraulic Solenoid Diverter 1/2"" BSP Port Size, 12V DC, 80 L/Min Flows Product SKU: SDV3DC12NZ5LG12  1/2"" BSP Port Size 12V Solenoid DC 80 L/Min Max Pressure 210Bar   ****** NOT REQUIRED !!!!! *******",SDV3DC12NZ5LG12,£73.94,,,,,,Flowfit,,
,Flowfit cetop 3 1 station steel manifold no RV cavity Product SKU: MD-03P-1-G,MD-03P-1-G,£24.36,,,,,,Flowfit,,
,"Flowfit Cetop 3 NG6 3 Position Solenoid Valve, 12V DC, 3C60 Product SKU: F5-02-3C60-D1   … this is the wrong config !!!",F5-02-3C60-D1,£70.56,,,,,,Flowfit,,
,,,,,,,,,,,
,1/2 BSP x 1/2 BSP M/M Hydraulic Adaptor SKU: BUR00021 Size: 1/2 BSP x 1/2 BSP M/MThread Type: BSP x BSP £1.37,BUR00021,,,,,,,Flowfit,,
,1/2 BSP x 1/2 BSP M/F Hydraulic Adaptor SKU: BUR01440 Size: 1/2 BSP x 1/2 BSP M/F Thread Type: BSP x BSP £2.68,BUR01440,,,,,,,Flowfit,,
,1/2 BSP F/F/M Tee Hydraulic Adaptor SKU: BUR02072 Size: 1/2 BSP F/F/M Tee Thread Type:  BSP £7.12,BUR02072,,,,,,,Flowfit,,
,1/2 BSP M/F/F Tee Hydraulic Adaptor SKU: BUR09628 Size: 1/2 BSP M/F/F Tee Thread Type:  BSP £9.20,BUR09628,,,,,,,Flowfit,,
,1/2 BSP F/F/F Tee Hydraulic Adaptor Product SKU: BUR01978,BUR01978,,,,,,,,,
,"Bonded Seals (Self Centre) 1/2"" BSP Pack of 10 Product SKU: BS1210",BS1210,,,,,,,Flowfit,,
,,,,,,,,,,,
,1/2 BSP Coned Plug Hydraulic Adaptor  SKU: BUR09053 Size: 1/2 BSP Coned Plug Thread Type: BSP,BUR09053,,,,,,,Flowfit,,
,1/2 BSP Swivel Cap Hydraulic Adaptor  SKU: BUR09183 Size: 1/2 BSP Swivel Cap Thread Type:BSP,BUR09183,,,,,,,Flowfit,,
,3/8 BSP x 1/2 BSP M/M Hydraulic Adaptor Product SKU:  BUR00015,BUR00015,,,,,,,Flowfit,,
,,,,,,,,,,,
,"Waveshare JETSON-NANO-DEV-KIT, an Alternative Solution for Jetson Nano Developer Kit B01",Amazon,,£189.99,,,,,,,
,LTE Cat 4G USB DONGLE Quectel EC25-EC EC25-EUX EC25-J EC25-E EC25-AUX EC25-AFX USB2.0 4PIN Modem,Aliexpress,,£36.49,,,,,,,
,,,,,,,,,,,
,EVM3683-7-QN-01A  Voltage Regulator - Switching Regulator  Input Voltage:  2.7 V to 16 V ,Mouser,£19.08,,,,,,,,
,,,,,,,,,,,
,,,,,,,,,,,
,"Teltonika RUT901 Industrial 4G Cat 4, 3G, 2G Router",,,£165,,,,,Amazon,,
,"Teltonika RUT951 Industrial Router, 4G Cat 4, 3G, 2G Dual SIM, WiFi, 10/100 Ethernet, 4 ports, Advanced VPN, Versatile Solution for IoT, M2M, and Remote Monitoring  ",,,£193,,,,,Amazon,,
,,,,,,,,,,,
,"STURDeCAM31_CUOAGX - 3MP 120dB HDR NVIDIA® Jetson Orin™ Camera for Autonomous Mobility kit includes 3m cable and  Interface: GMSL2  Connector: FAKRA connector power supply = 12V +- 250 mA, waterproof: IP69",,$549,,,,,,E-con Systems,https://www.e-consystems.com/nvidia-cameras/jetson-agx-orin-cameras/sony-isx031-ip69k-hdr-gmsl2-camera.asp,
,STURDeCAM31_CUONX - 3MP 120dB HDR Camera for NVIDIA® Jetson Orin NX / Orin Nano,,?,,,,,,E-con Systems,https://www.e-consystems.com/nvidia-cameras/jetson-orin-nx-cameras/3mp-sony-isx031-120db-hdr-camera.asp,
,,,,,,,,,,,
,,,,,,,,,,,
,"CP30233M - DisplayPort Socket to DisplayPort Socket Feedthrough Coupler, Silver Metal, CSK Holes   Manufacturer: CLIFF ELECTRONIC COMPONENTS  Order Code: CN24867 ",,£10.22,,,,,,,,
,"PSG90897 - DisplayPort 1.2 Male to Male Lead, 0.5m Black  Manufacturer: PRO SIGNAL Order Code: CS24789",,£4.52,,,,,,,,
,,,,,,,,,,,
,,,,,,,,,,,
,,,,,,,,,,,
,VL-GM2-8CAM-RPI22  × 1  ,,,,,,,,,https://www.technexion.com/shop/serdes/gmsl/gmsl2-frame-grabber/vl-gm2-8cam-rpi22/,
,4 Cameras: VLS-GM2-AR0234-C-S32-IR GMSL2 Aluminium Enclosed Camera with onsemi AR0234 2MP Full-HD Color Global Shutter with Onboard ISP + 32 Degree M12 Lens with IR-Cut Filter,,,,,,,,,,
,"4 units of VLS-GM2 camera cable: Vizionlink-COAX1-Cable-0300 × 4  ……………… Total $758.00 , £561.17",,£561.17,£673.40,,,,,,,
,VLS-GM2-AR0234-C-S32-IR  GMSL2 Aluminium Enclosed Camera with onsemi AR0234 2MP Full-HD Color Global Shutter with Onboard ISP + 32 Degree M12 Lens with IR-Cut Filter,1,$139.75,,,,,,,,
,Delivery $45,£35.00,£596.17,£715.40,,,,,,,
Camera mount screws,M2 socket head screw  x 5mm,,,,,,,,EBAY,https://www.ebay.co.uk/itm/321231104609?var=510170340571,
,,,,,,,,,,,
Lens for AR0234 camera,M12 Lens - 90-Degree Wide Angle with Raspberry Pi HQ Camera Adapter,,,£17.30,,,,,PIHUT,https://thepihut.com/products/m12-lens-90-degree-wide-angle-with-raspberry-pi-hq-camera-adapter,
,,,,,,,,,,,
,"STURDeCAM31_CUOAGX_CXLC_AT_4H03R2, USD 1599  GBP 1183.80  (4* STURDeCam31, 2 x quad deserialiser board, lenses 70 degrees, cables 3m x 4.) lead time 5 business days. For Jetson AGX Orin. Operating Voltage: 12V+/- 250mV.",,£1183.80 ,,,,,,,https://www.e-consystems.com/webstore.asp#STURDeCAM31_CUOAGX,
,"NVIDIA Jetson AGX Orin 64GB Developer Kit , £1,811.60  Totlal = 1183.80* 1.2 + 1,811.60 = £3232.16",,,,,,,,,,
,3232.16,,,,,,,,,,
,Front loader:,,,,,,,,,,
,,,,,,,,,,,
,"Flowfit 3 Way Hydraulic Solenoid Diverter 1/2"" BSP Port Size, 12V DC, 80 L/Min Flows",,,,,,,,Flowfit,,
,Product SKU: SDV3DC12NZ5LG12,,,,,,,,,,
,https://www.flowfitonline.com/products/flowfit-3-way-hydraulic-solenoid-diverter-1-2-bsp-port-size-12v-dc-80-l-min-flows,,,,,,,,,,
,"1/2"" BSP Port Size",,,,,,,,,,
,12V Solenoid DC,,,,,,,,,,
,80 L/Min,,,,,,,,,,
,Max Pressure 210Bar,,,,,,,,,,
,Qty:1,,,,,,,,,,
,,,,,,,,,,,
,1/4 BSP x 3/8 BSP M/M Hydraulic Adaptor Product SKU: BUR00006,0,,,,,,,Flowfit,,
,"Flowfit Hydraulic Cetop 3 Station 3 Relief Valve M26X1.5 RV 1/2"" Ports Product SKU:  MD-03P-3-G-M26-1/2",0,£163.58,,,,,,Flowfit,https://www.flowfitonline.com/products/flowfit-hydraulic-cetop-3-station-3-relief-valve-m26x1-5-rv-1-2-ports,
,"Flowfit cetop 3, 4 station steel manifold with relief valve cavityProduct SKU:  MD-03P-4-G-M26",0,£114.84,,,,,,Flowfit,https://www.flowfitonline.com/products/flowfit-cetop-3-4-station-steel-manifold-with-relief-valve-cavity,
,,,,,,,,,,,
,"Flowfit Cetop 3 NG6 3 Position Solenoid Valve, 12V DC, 3C2 Product SKU:  F5-02-3C2-D1, All ports blocked, 3C2 config, QTY:2",2,£81.24,,,,,,Flowfit,https://www.flowfitonline.com/products/flowfit-cetop-3-ng6-3-position-solenoid-valve-12v-dc-3c2,
,"Flowfit cetop 3, 4 station steel manifold no RV cavity Product SKU: MD-03P-4-G , QTY:1",1,£94.64,,,,,,Flowfit,https://www.flowfitonline.com/categories/hydraulic-cetop-valves/cetop-3-manifolds-subplates/flowfit-cetop-3-4-station-steel-manifold-no-rv-cavity,
,"Flowfit hydraulic cetop 3 modular relief valve 35-140 Bar on the P port Product SKU:  FFRV-02P-K-2-20 , QTY:1",1,£68.66,,,,,,Flowfit,https://www.flowfitonline.com/products/flowfit-hydraulic-cetop-3-modular-relief-valve-35-140-bar-on-the-p-port,
,"Flowfit 3 Way Hydraulic Solenoid Diverter 1/2"" BSP Port Size, 12V DC, 80 L/Min Flows Product SKU: SDV3DC12NZ5LG12 , QTY:1  **** TOO BIG *****",1,£85.03,,,,,,Flowfit,https://www.flowfitonline.com/products/flowfit-3-way-hydraulic-solenoid-diverter-1-2-bsp-port-size-12v-dc-80-l-min-flows,
,"63mm Glycerine Filled Hydraulic pressure gauge 0-4000 PSI (275 BAR) 1/4"" BSP BASE Entry Product SKU:  PG63B04000PSI  , QTY:1",1,£9.25,,,,,,Flowfit,https://www.flowfitonline.com/categories/hydraulic-pressure-gauges/hydraulic-pressure-gauges/63mm-glycerine-filled-hydraulic-pressure-gauge-0-4000-psi-275-bar-1-4-bsp-base-entry,
,"Pressure gauge swivel adaptors 1/4"" - 1/4"" ports Product SKU: FT299-44, QTY:1",1,£11.93,,,,,,Flowfit,https://www.flowfitonline.com/products/pressure-gauge-swivel-adaptors-1-4-1-4-ports,
,"3/8 BSP x 3/8 BSP M/M Hydraulic Adaptor Product SKU: BUR00014, QTY:3",3,£1.29,,,,,,Flowfit,https://www.flowfitonline.com/products/3-8-bsp-x-3-8-bsp-m-m-hydraulic-adaptor,
,"3/8 BSP x 1/2 BSP M/M Hydraulic Adaptor Product SKU: BUR00015, QTY:4",4,£1.58,,,,,,Flowfit,https://www.flowfitonline.com/products/3-8-bsp-x-1-2-bsp-m-m-hydraulic-adaptor,
,1/2 BSP M/M/M Tee Hydraulic Adaptor Product SKU: BUR01903 QTY:2,2,£6.87,,,,,,Flowfit,https://www.flowfitonline.com/products/1-2-bsp-m-m-m-tee-hydraulic-adaptor,
,1/2 BSP M/M/F Tee Hydraulic Adaptor Product SKU: BUR02003 QTY:2,2,£8.19,,,,,,Flowfit,https://www.flowfitonline.com/products/1-2-bsp-m-m-f-tee-hydraulic-adaptor,
,,,,,,,,,,,
,(£81.24 x 2) + 95.64 + £68.66 + £85.03 = £411.81,,,,,,,,,,
,,,,,,,,,,,
,"12VDC 3 WAY SOLENOID DIVERTER MAX 80L/MIN MAX 210 BAR ½"" Product SKU:  S3V1212CC-S  **** OUT OF STOCK ****",,£61.15,,,,,,,,
,"Flowfit 3 Way Hydraulic Solenoid Diverter 3/8"" BSP Port Size, 12V DC, 80 L/Min Flows Product SKU: SDV3DC12NZ5LG38   ***** TOO BIG ****",,£85.03,,,,,,Flowfit,https://www.flowfitonline.com/products/flowfit-3-way-hydraulic-solenoid-diverter-3-8-bsp-port-size-12v-dc-80-l-min-flows,
,3/8 BSP Solid Plug Hydraulic Adaptor Product SKU: BUR09027 Blanking,,£1.29,,,,,,Flowfit,https://www.flowfitonline.com/products/3-8-bsp-solid-plug-hydraulic-adaptor,
,,,,,,,,,,,
,,,,,,,,,,,
,"3/8 x 3/8 x 1/2 BSP M/F/F Tee Hydraulic Adaptor Product SKU:  BUR09633, QTY: 2 0f",,£16.32,,,,,,Flowfit,https://www.flowfitonline.com/categories/hydraulic-adaptors/3-8-x-3-8-x-1-2-bsp-m-f-f-tee-hydraulic-adaptor,
,"3/8 BSP x 1/4 BSP M/F Hydraulic Adaptor Product SKU:  BUR01433, QTY: 2 0f",,£2.24,,,,,,Flowfit,https://www.flowfitonline.com/products/3-8-bsp-x-1-4-bsp-m-f-hydraulic-adaptor,
,"Flowfit cetop 3 NG6 steel cover plate blanking plate Product SKU: D5-03-CP-G, QTY: 1 0f",,£8.81,,,,,,Flowfit,https://www.flowfitonline.com/products/flowfit-cetop-3-ng6-steel-cover-plate,
,"3/8 BSP Solid Plug Hydraulic Adaptor  SKU: BUR09027, QTY: 2 0f",,£2.58,,,,,,Flowfit,,
,,,,,,,,,,,
,Schneider ClimaSys 10W 110 - 250V PTC Enclosure Heater Part Code: NSYCR10WU2  Stock Code: 1017-0478 ,,£33.91,,,,,,CEF,https://www.cef.co.uk/catalogue/products/1865697,
,XHW3005 Humidity Hygrostat 230v Sensor Digital Hygrometer Switch Controller 0 to 99% R(220V) ,,£9.19,,,,,,Amazon,https://www.amazon.co.uk/dp/B0B8SBZKC9/ref=sspa_dk_detail_?th=1,
,"Dual Digital Thermostat Temperature Humidity Control STC-3028 Thermometer Hygrometer Incubator Controller AC 220V DC 12V 24V, QTY: 2 of",,£6.50,,,,,,Aliexpress,https://www.aliexpress.com/item/1005008793518397.html?spm=a2g0o.order_list.order_list_main.5.21ef1802EhLwWd,
,"HG140 15W 30W 45W 100W Industrial Cabinet Heater 35mm Din Rail Type Fan Heater PTC Sermiconductor Heater Work with Thermostat, 15W 240 v version, QTY: 2 of",,£9.09,,,,,,Aliexpress,https://www.aliexpress.com/item/1005007957018105.html,
,,,,,,,,,,,
,NVIDIA Jetson Orin Nano Super Developer Kit Development Kit RS Stock No.: 264-7384 Mfr. Part No.: 945-13766-0005-000 Brand: NVIDIA,,£260,,,,,,Rsonline,https://uk.rs-online.com/web/p/processor-development-tools/2647384?utm_source=nvidia,
,,,,,,,,,,,
,,,,,,,,,,,
,Hammond 1554K2GYCL Watertight PC Enclosure Clear Lid 160 x 90 x 90mm Grey  Code: 30-4612,1 of,£21.20,,,,,,Rapid,https://www.rapidonline.com/hammond-1554k2gycl-watertight-pc-enclosure-clear-lid-160-x-90-x-90mm-grey-30-4612,
,Hammond 1554B2GYCL Watertight PC Enclosure Clear Lid 65 x 65 x 40mm Grey  Code: 30-4604,1 of,£11.11,,,,,,Rapid,https://www.rapidonline.com/hammond-1554b2gycl-watertight-pc-enclosure-clear-lid-65-x-65-x-40mm-grey-30-4604,
,Raspberry Pi SC1432 RPi5 8GB RAM 64-bit Quad-Core Single Board Computer  Code: 75-1285,1 of,£60.15,,,,,,Rapid,https://www.rapidonline.com/raspberry-pi-sc1432-rpi5-8gb-ram-64-bit-quad-core-single-board-computer-75-1285,
,Raspberry Pi SC1148 Pi 5 Active Cooler For Heavy Load Without Case Order Code: 75-1286 Brand: Raspberry Pi MPN: SC1148 EAN-13: 5056561803357,1 of,£3.56,,,,,,Rapid,https://www.rapidonline.com/raspberry-pi-sc1148-pi-5-active-cooler-for-heavy-load-without-case-75-1286,
,,,,,,,,,,,
,"Pololu Pololu Logic Level Shifter - 4-Channel, Bidirectional Sale price£3.40incl. VAT",1 of,,,,,,,Pi Hut,https://thepihut.com/products/pololu-logic-level-shifter-4-channel-bidirectional?variant=41836315476163,
,The Pi Hut Miniature 5V Cooling Fan for Raspberry Pi Sale price£3incl. VAT,1 of,,,,,,,Pi Hut,https://thepihut.com/products/miniature-5v-cooling-fan-for-raspberry-pi-and-other-computers?variant=31955934417,
,Raspberry Pi Raspberry Pi Micro SD Card with RPi OS Pre-Installed256GB Sale price£24.90incl. VAT,1 of,,,,,,,Pi Hut,https://thepihut.com/products/noobs-preinstalled-sd-card?variant=54621456859521,
,52Pi PD Power Extension Board for Raspberry Pi 5 Sale price£23incl. VAT,1 of,,,,,,,Pi Hut,https://thepihut.com/products/pd-power-extension-board-for-raspberry-pi-5?variant=43712037683395,
,"Raspberry Pi Raspberry Pi AI Camera Sale price£67.20incl. VAT, ",2 of,,,,,,,Pi Hut,https://thepihut.com/products/raspberry-pi-ai-camera?variant=43973693046979,
,Camera Adapter Cable for Raspberry Pi 5 Raspberry PiSKU: SC1129             (50 Reviews) Length:300mm 200mm 300mm 500mm Price: Sale price£2 incl. VAT ,2 of,,,,,,,Pi Hut,https://thepihut.com/products/camera-adapter-cable-for-raspberry-pi-5?variant=42531560816835,
,"Official Raspberry Pi CSI FPC Flexible Cable 200mm for Raspberry Pi 5, 22Pin To 15Pin, Suitable For CSI Camera Modules SKU: 27084 Part No.: Raspberry Pi 5 Official Camera Cable 500mm waveshare",2of,£2.61,,,,,,Waveshare,https://www.waveshare.com/raspberry-pi-5-official-camera-cable-200mm.htm?sku=27084,
,,,,,,,,,,,
,,,,,,,,,,,
,ZED Link Capture Card MonoUS$139.00,,$139.00,,,,,,Stereo Labs,https://www.stereolabs.com/en-gb/store/products/zed-link-capture-card-mono,
,ZED X One 4KUS$499.00,,$499.00,,,,,,Stereo Labs,https://www.stereolabs.com/en-gb/store/products/zed-x-one-4k,
,,,,,,,,,,,
,,,,,,,,,,,
,CAN Board (SN65HVD230) WaveshareSKU: WAV-3945             (4 Reviews) Price: Sale price £4.80 incl. VAT,,,,,,,,Pi Hut,https://thepihut.com/products/can-board-sn65hvd230?srsltid=AfmBOoozDzXG5nGYlG31oQSj6i6JzdMdqeBpSpvQEvjUBFKf9hmD53uc,
,2-Channel Isolated CAN FD Expansion HAT for Raspberry Pi WaveshareSKU: WAV-17075               Price: Sale price £45.20 incl. VAT,,,,,,,,Pi Hut,https://thepihut.com/products/2-channel-isolated-can-fd-expansion-hat-for-raspberry-pi,
,,,,,,,,,,,
,STMICROELECTRONICS NUCLEO-H723ZG,1,£27.02,,,,Y,,Farnell,https://uk.farnell.com/stmicroelectronics/nucleo-h723zg/dev-board-stm32-32bit-arm-cortex/dp/3576973,
,,,,,,,,,,,
,"Texas Instruments SN65HVD230QD, CAN Transceiver 1Mbps ISO 11898, 8-Pin SOIC RS Stock No.: 660-7789 Mfr. Part No.: SN65HVD230QD Brand:Texas Instruments",,£3.80,,,,,,Rsonline,https://uk.rs-online.com/web/p/can-interface-ics/6607789,
,,,,,,,,,,,
,"2mm M2 A2 STAINLESS STEEL ALLEN BOLT SOCKET CAP SCREW HEX HEAD ALLEN KEY DIN 912 New30, M2 x 14",,£4.50,,,,,,EBAY,,
,"2mm M2 A2 STAINLESS STEEL ALLEN BOLT SOCKET CAP SCREW HEX HEAD ALLEN KEY DIN 912 New30, M2 x 12",,£4.50,,,,,,EBAY,,
,"M2 M2.5 M3 M4 M5 M6 M8 M10 M12 A2 STAINLESS STEEL NYLOC NYLOCK LOCK NUTS DIN 985 Newm2 x 0.4mm pitch, 25",,£21.68,,,,,,EBAY,,
,,,,,,,,,,,
,"Icotek Polyamide Cable Trunking Frame, 72.8 x 19 x 58mm, KEL",,£24.42,,,,,,Rsonline,https://uk.rs-online.com/web/p/products/2837580/,
,Icotek KT Grey Elastomer Cable Grommet KT 2,,£1.31,,,,,,Rsonline,https://uk.rs-online.com/web/p/products/0361809/,
,Icotek KT Grey Elastomer Cable Grommet KT 2/2,,£1.76,,,,,,Rsonline,https://uk.rs-online.com/web/p/products/0361810/,
,Icotek Grey Elastomer Cable Grommet KT 3,,£2.68,,,,,,Rsonline,https://uk.rs-online.com/web/p/products/2837604/,
,"Icotek Polyamide Cable Trunking Frame, 147 x 19 x 58mm, KEL",,£34.86,,,,,,Rsonline,https://uk.rs-online.com/web/p/products/2837579/,
,Icotek Grey Elastomer Cable Grommet KT 5,,£2.80,,,,,,Rsonline,https://uk.rs-online.com/web/p/products/2837607/,
,,,,,,,,,,,
,"16mm Cable Open Style Rubber Wiring Grommet DIY (Pack of 10)  , 16mm cut out, 12mm ID.",,,£3.75,,,,,Amazon,https://www.amazon.co.uk/dp/B08GCNJ2NV?ref=ppx_yo2ov_dt_b_fed_asin_title,
,Fakra Z Antenna Aerial 6m Extension Cable Female - Female GPS GSM DAB DVB TV,,,£9.99,,,,,EBAY,https://www.ebay.co.uk/itm/254151428808,
,"Metric Black Rubber Seal O-Rings - 3mm to 44mm Inside Dia & 2mm to 3mm Thickness, 16 x 2.5",,,,,,,,EBAY,,
,"Metric Black Rubber Seal O-Rings - 3mm to 44mm Inside Dia & 2mm to 3mm Thickness, 12 x 2.5",,,,,,,,EBAY,,
,,,,,,,,,,,
,"Pitacs 2 Core Round Flex Cable (2182Y) 0.75mm2 Drum  by Pitacs Product Code: 59619, 50m, 6A",,,£20.51,,,,,tool station,https://www.toolstation.com/pitacs-2-core-round-flex-cable-2182y/p59619,
,,,,,,,,,,,
Rpi camera box,"LAPP 54113030 SKINTOP® DV-M25  Code: 49-2069, 20 of",,,£6.55,,,,,Rapid,https://www.rapidonline.com/lapp-54113030-skintop-dv-m25-49-2069,
Rpi camera box,"LAPP 53111437 SKINTOP ST-HF-M 25 x 1.5 Screwed Cable Gland Light Grey  Code: 49-2705, 5 of",,,£10.56,,,,,Rapid,https://www.rapidonline.com/lapp-53111437-skintop-st-hf-m-25-x-1-5-screwed-cable-gland-light-grey-49-2705,
Rpi camera box,"LAPP 53119130 SKINTOP GMP-GL-M25 Locknut M25 x1.5 Black  Code: 49-1164, 10 of",,,£6.12,,,,,Rapid,https://www.rapidonline.com/lapp-53119130-skintop-gmp-gl-m25-locknut-m25-x1-5-black-49-1164,
,,,,,,,,,,,
,,,,,,,,,,,
,,,,,,,,,,,
,,,,,,,,,,,
,,,,,,,,,,,
,,,,,,,,,,,
,,,,,,,,,,,
,,,,,,,,,,,
,,,,,,,,,,,
,,,,,,,,,,,
,,,,,,,,,,,
,,,,,,,,,,,
,,,,,,,,,,,
,,,,,,,,,,,
,,,,,,,,,,,
,,,,,,,,,,,
,,,,,,,,,,,
,,,,,,,,,,,
,,,,,,,,,,,
,,,,,,,,,,,
,,,,,,,,,,,
,,,,,,,,,,,
,,,,,,,,,,,
,,,,,,,,,,,
,,,,,,,,,,,
,,,,,,,,,,,
,,,,,,,,,,,
,,,,,,,,,,,
,,,,,,,,,,,
,,,,,,,,,,,
,,,,,,,,,,,
Usage,item,no.required,not incl vat,Total incl VAT,In Stock?,Ordered?,Received?,Del Date,Supplier,,
,-------------------------- Box 1 ENCLOSURE ----------------------------------------------------------------,,,,,,,,,,
,"PC 3828 18 T ENCLOSURE Plastic Enclosure, IK08 (Side) / IK09 (Front), DIN Rail, Polycarbonate, 180 mm, 278 mm, 378 mm",1,182,218.4,0,0,0,,Rapid,https://www.rapidonline.com/fibox-5330073-pc-38x28x18cm-t-enclosure-pc-transparent-cover-30-0727,
*,"DC Axial Fan, 12 V, Square, 40 mm, 10.5 mm, Hydro Wave Bearing, 5.2 CFMMULTICOMP PRO",2,3.036,3.6432,2,0,0,,Farnell,https://uk.farnell.com/multicomp/mc002107/axial-fan-40mm-12vdc-5-2cfm-27/dp/2816686,
,"RS PRO Fan Filter for 40mm Fans, PUR Filter, ABS Frame, 40 x 40mm",2,1.786,4.2864,8,0,0,,Rsonline,https://uk.rs-online.com/web/p/fan-filters/7374074,
,"Car Motorcycle Voltmeter DC 12V-24V LED Panel Digital Voltage Volt Meter Display, BLUE display.",1,NA,5.89,0,0,0,,Ebay,https://www.ebay.co.uk/itm/285977674863,
,"Relay, 100A",,,,,,,,,,
,Red Classic Car Dash Board Panel Warning Light Lamp 12v 17mm Hole,1,NA,4.99,0,0,0,,EBAY,,
,"12V 100A 100 AMP HEAVY DUTY SPLIT CHARGE RELAY CAMPER VAN - HEAVY DUTY RELAY, WM686 RL/180-12",1,NA,8.46,0,0,0,,EBAY,https://www.ebay.co.uk/itm/405967782286,
,"USB 2.0 A to A Feedthrough Panel Mount Connector, CSK hole, Black Plastic XLR Frame - CP30208N",1,4.68,NA,0,0,0,,CPC,,
,"SIB TEC Polyamide Compression Gland (Metric) SIB/M12 / Grey (RAL 7035), SIB SIB-TEC Series Grey PA 6 Cable Gland, M12 Thread, 2.5mm Min, 6.5mm Max, IP68 ",30,0.3,10.8,50,0,0,,cableglandsuk.com,https://www.cableglandsuk.com/products/sib-tec-polyamide-compression-gland-metric?variant=43048401141984,
,"Metric Black Rubber Seal O-Rings - 3mm to 44mm Inside Dia & 2mm to 3mm Thickness, ID 12.0, 3mm THK.",,,,,,,,,,
,"Metric Thread Nylon Locknut, 12mm / Grey",30,0.12,4.32,50,0,0,,cableglandsuk.com,https://www.cableglandsuk.com/products/metric-thread-nylon-locknut?variant=46462619975904,"Delivery £7.50, FREE over £75"
,SIB-TEC Polyamide Cable Gland – IP68 Nylon Metric Gland  Select Product Code SIB/M16 Colour Grey (RAL 7035) Price £0.26,16,0.26,4.992,0,0,0,,cableglandsuk.com,https://www.cableglandsuk.com/products/sib-tec-polyamide-compression-gland-metric?variant=43048401404128,
,"Metric Black Rubber Seal O-Rings - 3mm to 44mm Inside Dia & 2mm to 3mm Thickness, ID 16.0, 3mm THK.",,,,,,,,,,
,Metric Thread Nylon Locknut  Select Size 16mm Select Colour Grey Price £0.08 ,16,0.08,1.536,0,0,0,,cableglandsuk.com,https://www.cableglandsuk.com/products/metric-thread-nylon-locknut?variant=46462620041440,
,Switch,1,,,,,,,,,
,"FLIP UP cover for ALT/SH5 type toggle switch, red",,1.99,,,,,,Altec Automotive,https://www.altecautomotive.co.uk/flip-up-cover-for-altsh5-type-toggle-switch-1798-p.asp,
,Cable connectors (to be edited),?,,,,,,,,,
,Stand offs,?,,,,,,,,,
,Stand offs  970450481 2884613  Data Sheet WURTH ELEKTRONIK Standoff Steel M4 Hex Female-Female 45 mm,6,,,1,,,,Farnell,https://uk.farnell.com/wurth-elektronik/970450481/standoff-hex-female-female-45mm/dp/2884613,
Bus bars,FOUR PRONGED T NUTS CAPTIVE THREADED INSERTS FOR WOOD FURNITURE M4,4, £0.99,,,,EBAY,,,https://www.ebay.co.uk/itm/181230569842,
Bus bars,"M4 CS x10 screw, 4 of.",,,,,,,,,,
Fuse box mounts,"Spacers, 4 of, height = 3.5 OD = 9.5 ID = 4",,,,,,,,,https://www.ebay.co.uk/itm/255861443192?var=555799447770,
Fuse box mounts,"CS screw M4 x 30, 4 of",,,,,,,,,https://www.ebay.co.uk/itm/184276387708,
Cytron motor controller,"Stand offs M3 x 7, male – female, 4 of (motor controller)",,,,,,,,,https://www.ebay.co.uk/itm/256041736715?_skw=hex+spacer+standoff+mount+fixing+%7C+pcb+%7C+metric+%7C+bolts+%7C+m4&itmmeta=01KH6AMBZQKECWWVPZXH0ER21Z&hash=item3b9d46da0b%3Ag%3A68AAAOSwwbtkOEmw&var=555988208370,
Cytron motor controller,"Stand offs M3 x 30, male – female, 12 of (motor controller)",,,,,,,,,https://www.ebay.co.uk/itm/256041736715?_skw=hex+spacer+standoff+mount+fixing+%7C+pcb+%7C+metric+%7C+bolts+%7C+m4&itmmeta=01KH6AMBZQKECWWVPZXH0ER21Z&hash=item3b9d46da0b%3Ag%3A68AAAOSwwbtkOEmw&var=555988208370,
Above 100A relay,"Stand offs M4 x 50, male – female, 4 of",,,,,,,,,https://www.ebay.co.uk/itm/256041736715?_skw=hex+spacer+standoff+mount+fixing+%7C+pcb+%7C+metric+%7C+bolts+%7C+m4&itmmeta=01KH6AMBZQKECWWVPZXH0ER21Z&hash=item3b9d46da0b%3Ag%3A68AAAOSwwbtkOEmw&var=555988208370,
Above plugin relays,"Stand offs M4 x 45, male – female, 6 of",,,,,,,,,https://www.ebay.co.uk/itm/256042934257?_skw=hex+spacer+standoff+mount+fixing+%7C+pcb+%7C+metric+%7C+bolts+%7C+m4&itmmeta=01KH6AMBZRGA3AQAFY1XT9WFW8&hash=item3b9d591ff1%3Ag%3AwqUAAOSwDXVkOEEX&var=555988161304,
Cytron terminal blocks,"HA0230500000G DigiKey Part Number 609-4549-ND, Amphenol Anytek, HA0230500000G, TERM BLK 2POS TOP ENTRY 5MM PCB, Detailed Description: 2 Position Wire to Board Terminal Block Vertical with Board 0.197"" (5.00mm) Through Hole",,,,,,,,Digikey,https://www.digikey.co.uk/en/products/detail/amphenol-anytek/HA0230500000G/2683195,
Cytron terminal blocks,"1935310.  277-1592-ND Phoenix Contact: 1935310 TERM BLK 2POS TOP ENTRY 5MM PCB , 2 Position Wire to Board Terminal Block Vertical with Board 0.197"" (5.00mm) Through Hole",,,,,,,,Digikey,https://www.digikey.co.uk/en/products/detail/phoenix-contact/1935310/568629,
Cytron terminal blocks,"OSTTD020161, ED2618-ND, On Shore Technology Inc., OSTTD020161, TERM BLK 2POS TOP ENTRY 5MM PCB, 2 Position Wire to Board Terminal Block Vertical with Board 0.197"" (5.00mm) Through Hole",,,,,,,,Digikey,https://www.digikey.co.uk/en/products/detail/phoenix-contact/1935310/568629,
Cytron terminal blocks,"1935310 Wire-To-Board Terminal Block, 5 mm, 2 Ways, 26 AWG, 16 AWG, 1.5 mm², Screw PHOENIX CONTACTManufacturer Part No1935310Order Code1793682Product RangePTAlso Known As1935310, PT1,5/2-5.0-V",,,,,,,,Farnell,https://uk.farnell.com/phoenix-contact/pt1-5-2-5-0-v/terminal-block-wire-to-brd-2pos/dp/1793682,
gland panel fixing,"M4 pane head screw x 10mm long, 18 of",,,,,,,,,,
gland panel fixing,"M4 pane head screw x 6mm long, 2 of",,,,,,,,,,
,"RS PRO, M4 Brass Threaded Insert diameter 5.6mm Depth 7.95mm RS Stock No. 278-556 Brand RS PRO , use 5.7mm drill,",8,£0.15,,,,,,Rsonline,https://uk.rs-online.com/web/p/products/0278556/,
base PCB fixing,"M4 pane head screw x 10mm long, 6 of",,,,,,,,,,
Icotek fixing,"M4 screw CS x 25, 6 of",,,,,,,,,,
Fan filter screws,"Screws, Pan head, M3 x 15mm, 4 of.",,,,0,,,,rapid,https://www.rapidonline.com/r-tech-337497-m3-x-16-hex-socket-countersunk-screws-a2-st-st-pack-of-100-33-7497,
Fan + Filter screws,"Screws, pan head, M3 x 25",,,,,,,,,,
,AMC Single Core Thin Wall Cable - 10.0mm² 70AProduct code: P01303,1,,£3.13,,,,,12V planet,https://www.12voltplanet.co.uk/P01303.html,
Main battery cables,10mm2 70 A Amp Thinwall PVC Cable Black Red 1 - 100M M Lengths 70A Amps Battery,5,,£13.50,,,,,EBAY,https://www.ebay.co.uk/itm/192243636859,
Main battery cables,"COPPER LUG TERMINAL BATTERY WELDING CABLE TUBE CONNECTOR RING CRIMP ALL SIZES, 5mm hole for fuse holders",2,,£4.69,,,,,EBAY,https://www.ebay.co.uk/itm/116796243076?var=416954898167,
Main battery cables,"COPPER LUG TERMINAL BATTERY WELDING CABLE TUBE CONNECTOR RING CRIMP ALL SIZES, 6mm hole for 100 amp relay",10,,£4.45,,,,,EBAY,https://www.ebay.co.uk/itm/116796243076?var=416954898172,
Main battery cables,"COPPER LUG TERMINAL BATTERY WELDING CABLE TUBE CONNECTOR RING CRIMP ALL SIZES, 6mm hole for 100 amp relay",10,,£4.45,,,,,EBAY,https://www.ebay.co.uk/itm/145839490955?var=444916761487,
Earth cable joining,Copper Tube Butt Connectors Splices Terminals (Range of Sizes) 2.5mm-500mm,,,£5.17,,,,,EBAY,https://www.ebay.co.uk/itm/251608092429?var=550510543627,
Starter / glow plugs,MIDI/STRIP LINK FUSE HOLDER CAR AUTO HEAVY DUTY 30/40/50/60/70/80/100/125/150AMP New60 Amp Fuse Only,2,,£5.98,,,,,EBAY,https://www.ebay.co.uk/itm/191963894777?var=491324989065,
,ID 6mm Insulated Yellow Ring Terminal Connector Terminals Crimp Electrical Terminal,50,,£8.39,,,,,EBAY,https://www.ebay.co.uk/itm/201614843785?var=500846793528,
,,,,,,,,,,,
Usage,item,no.required,not incl vat,Total incl VAT,In Stock?,Ordered?,Received?,Del Date,Supplier,,
,-------------------------- Box 2 ENCLOSURE ----------------------------------------------------------------,,,,,,,,,,
,"PC 3828 18 T ENCLOSURE Plastic Enclosure, IK08 (Side) / IK09 (Front), DIN Rail, Polycarbonate, 180 mm, 278 mm, 378 mm",1,182,218.4,0,0,0,,Rapid,https://www.rapidonline.com/fibox-5330073-pc-38x28x18cm-t-enclosure-pc-transparent-cover-30-0727,
*,"DC Axial Fan, 12 V, Square, 40 mm, 10.5 mm, Hydro Wave Bearing, 5.2 CFMMULTICOMP PRO",2,3.036,3.6432,2,0,0,,Farnell,https://uk.farnell.com/multicomp/mc002107/axial-fan-40mm-12vdc-5-2cfm-27/dp/2816686,
,"RS PRO Fan Filter for 40mm Fans, PUR Filter, ABS Frame, 40 x 40mm",2,1.786,4.2864,8,0,0,,Rsonline,https://uk.rs-online.com/web/p/fan-filters/7374074,
,"Car Motorcycle Voltmeter DC 12V-24V LED Panel Digital Voltage Volt Meter Display, BLUE display.",1,NA,5.89,0,0,0,,Ebay,https://www.ebay.co.uk/itm/285977674863,
,"Relay, 100A",,,,,,,,,,
,Red Classic Car Dash Board Panel Warning Light Lamp 12v 17mm Hole,1,NA,4.99,0,0,0,,EBAY,,
,12V 100A 100 AMP HEAVY DUTY SPLIT CHARGE RELAY CAMPER VAN - HEAVY DUTY RELAY,1,NA,8.46,0,0,0,,EBAY,https://www.ebay.co.uk/itm/405967782286,
,"USB 2.0 A to A Feedthrough Panel Mount Connector, CSK hole, Black Plastic XLR Frame - CP30208N",1,4.68,NA,0,0,0,,CPC,,
,"SIB TEC Polyamide Compression Gland (Metric) SIB/M12 / Grey (RAL 7035), SIB SIB-TEC Series Grey PA 6 Cable Gland, M12 Thread, 2.5mm Min, 6.5mm Max, IP68 ",30,0.3,10.8,50,0,0,,cableglandsuk.com,https://www.cableglandsuk.com/products/sib-tec-polyamide-compression-gland-metric?variant=43048401141984,
,"Metric Black Rubber Seal O-Rings - 3mm to 44mm Inside Dia & 2mm to 3mm Thickness, ID 12.0, 3mm THK.",,,,,,,,,,
,"Metric Thread Nylon Locknut, 12mm / Grey",30,0.12,4.32,50,0,0,,cableglandsuk.com,https://www.cableglandsuk.com/products/metric-thread-nylon-locknut?variant=46462619975904,"Delivery £7.50, FREE over £75"
,SIB-TEC Polyamide Cable Gland – IP68 Nylon Metric Gland  Select Product Code SIB/M16 Colour Grey (RAL 7035) Price £0.26,16,0.26,4.992,0,0,0,,cableglandsuk.com,https://www.cableglandsuk.com/products/sib-tec-polyamide-compression-gland-metric?variant=43048401404128,
,"Metric Black Rubber Seal O-Rings - 3mm to 44mm Inside Dia & 2mm to 3mm Thickness, ID 16.0, 3mm THK.",,,,,,,,,,
,Metric Thread Nylon Locknut  Select Size 16mm Select Colour Grey Price £0.08 ,16,0.08,1.536,0,0,0,,cableglandsuk.com,https://www.cableglandsuk.com/products/metric-thread-nylon-locknut?variant=46462620041440,
,Switch,1,,,,,,,,,
,"FLIP UP cover for ALT/SH5 type toggle switch, red",,1.99,,,,,,Altec Automotive,https://www.altecautomotive.co.uk/flip-up-cover-for-altsh5-type-toggle-switch-1798-p.asp,
,Cable connectors (to be edited),?,,,,,,,,,
,Stand offs  970450481 2884613  Data Sheet WURTH ELEKTRONIK Standoff Steel M4 Hex Female-Female 45 mm,6,,£0.99,1,,,,Farnell,https://uk.farnell.com/wurth-elektronik/970450481/standoff-hex-female-female-45mm/dp/2884613,
,PB Fastener S57040X45 Zinc Plated Steel F/F Spacers M4 x 45mm Pack Of 10  Order Code: 49-0947 MPN: S57040X45,6,£5.54,,1,,,,Rapid,https://www.rapidonline.com/pb-fastener-s57040x45-zinc-plated-steel-f-f-spacers-m4-x-45mm-pack-of-10-49-0947,
Below MCU board,"Stand offs M4 x 45, male – female, 6 of",,,,,,,,,,
Cytron motor controller,"Stand offs M3 x 7, male – female, 4 of (motor controller)",,,,,,,,,,
Cytron motor controller,"Stand offs M3 x 30, male – female, 12 of (motor controller)",,,,,,,,,,
,"Stand offs M3 x 50, male -female, 3 of (Jetson PCB)",,,,,,,,,,
,"Stand offs , M3 x 15, male – female, 1 of (Jetson PCB)",,,,,,,,,,
,"Stand offs , M3 x 20, male – female, 1 of (Jetson PCB)",,,,,,,,,,
,"M4 washers, 4 of (Jetson PCB)",,,,,,,,,,
,"Screw M4, CS x 25, 4 of (LED fuse box)",,,,,,,,,,
,"Screw M4 x 10, posidrive domed head, 20 of",,,,,,,,,,
,"M3 nyloc nut, 25 of",,,,,,,,,,
,M4 nyloc nut 4 of,,,,,,,,,,
,"Screw M5 x , CS x 25, 4 of (Icotech gland)",,,,,,,,,,
,M5 nyloc nuts x 4 of,,,,,,,,,,
,"Screw M3 x 25, 8 of (fans)",,,,,,,,,,
XLR fittings,"Screw M3 CS x 10mm, 10 of",,,,,,,,,,
Power in and lin actuators,"Circular inline plug, PELR0114, 5A, 2 pole, 5-8mm, IP68, mates with PELR0135",3,£2.76,,,,,,CPC,,
Power in and lin actuators,"Circular inline socket, PELR0135, 5A, 2 pole, 5-8mm, IP68, mates with PELR0114",3,£3.10,,,,,,CPC,,
,"Circular Threaded Connector Inline Plug, 2-Pole, 7-12mm, IP68 , 30 Amp, PRO ELEC - PELR0170 , mates with ?",24,£4.48,,,,Y,,CPC,https://cpc.farnell.com/mbs-connect/sp2111-p2ii-1c/circular-in-line-plug-2-p-7-12mm/dp/CN21363,
,"Circular Threaded Inline Connector Socket, 2-Pole, 7-12mm, IP68   30 Amp, PPRO ELEC - PELR0163 , , mates with ?",24,£4.14,,,,Y,,CPC,https://cpc.farnell.com/mbs-connect/sp2110-s2ii-1c/circular-socket-2-pole-7-12mm/dp/CN21356,
Solenoid valves,"Pitacs 2 Core Round Flex Cable (2182Y) 0.75mm2 Drum  by Pitacs Product Code: 59619, 50m, 6A",,,£20.51,,,,,tool station,https://www.toolstation.com/pitacs-2-core-round-flex-cable-2182y/p59619,
Linear actuators & motors,Time 3182Y White 2-Core 1.5mm² Flexible Cable 25m Drum (841JY),,,,,,,,Screwfix,https://www.screwfix.com/p/time-3182y-white-2-core-1-5mm-flexible-cable-25m-drum/841JY,
,"PELB1442   CB23522 +RoHS  3182Y 2-Core Mains Cable, 1.5mm, 16A, 25m, White  PRO ELEC 3182Y 2-Core cable",,£13.88,,,,,,CPC,https://cpc.farnell.com/pro-elec/pelb1442/cable-3182y-1-50mm-white-25m/dp/CB23522,
Power in,"3182Y 2 Core Mains Cable, 2.5mm, 25A, 10m, White - PEL01128 Add to compare  Manufacturer: PRO ELEC Manufacturer Part No: PEL01128 Order Code: CB20321 Product Range 3182Y  , OD 9.4 – 20mm gland",,,£9.30,,,,,CPC,https://cpc.farnell.com/pro-elec/pel01128/cable-3182y-2-50mm-white-10m/dp/CB20321,
For 9.4mm cable,"Icotek Grey Elastomer Cable Grommet KT 8,RS Stock No.: 283-7610 Distrelec Article No.: 155-19-495 Mfr. Part No.: KT 8 Brand:Icotek",,£1.33,,,,,,Rsonline,,
,WAGO 221-415 - 221 Series 5 Conductor Max. 4mm² Splicing Con. with Lever Order Code:  21-5764 Brand: WAGO MPN: 221-415 EAN-13: 4055143234658,5,£0.56,,,,,,Rapid,https://www.rapidonline.com/wago-221-415-221-series-5-conductor-max-4mm-splicing-con-with-lever-21-5764,
,Conrad Components 606216 Automotive Wire FLRY-B 1x1.50mm² Red 10m Order Code:  11-6431 Brand: Conrad Components MPN: 606216 EAN-13: 4016138712834,2,£7.44,,,,,,Rapid,https://www.rapidonline.com/conrad-components-606216-automotive-wire-flry-b-1x1-50mm-red-10m-11-6431,
,"CP30208NM3 - USB 2.0 A to USB 2.0 A, Panel Mount Feedthrough Connector, Metal   Manufacturer: CLIFF ELECTRONIC COMPONENTS  Order Code: CN21259 , XLR",3,£5.31,,,,Y,,CPC,https://cpc.farnell.com/cliff-electronic-components/cp30208nm3/feedthrough-coupler-usb2-0-type/dp/CN21259,
,"CP30608NM - Slim USB 2.0 Type A Socket to USB 2.0 Type A Socket Feedthrough Connector Adaptor, Nickel Frame, CSK Holes   Manufacturer: CLIFF ELECTRONIC COMPONENTS Order Code: CN23060 , not XLR, square hole: 22.35 x 16.75, holes 28.75",,£6.28,,,,,,CPC,https://cpc.farnell.com/cliff-electronic-components/cp30608nm/feedthru-usb2-0-a-a-slim-metal/dp/CN23060,
,PP01651 - M16 IP68 Nylon Cable Gland Black - Single Pack   Manufacturer: PRO POWER  Order Code: CBBR7374 ,,£0.27,,,,,,CPC,https://cpc.farnell.com/pro-power/mg-16-black/m16-cable-gland-black/dp/CBBR7374,
Power in 12V,"Circular Threaded Connector Inline Plug, 2-Pole, 7-12mm, IP68 , 30 Amp, PRO ELEC - PELR0170 , mates with PELR0163 YES",1,£4.48,,,,Y,,CPC,https://cpc.farnell.com/mbs-connect/sp2111-p2ii-1c/circular-in-line-plug-2-p-7-12mm/dp/CN21363,
Power in 12V,"Circular Threaded Inline Connector Socket, 2-Pole, 7-12mm, IP68   30 Amp, PPRO ELEC - PELR0163 , mates with PELR0170 YES",1,£4.14,,,,Y,,CPC,https://cpc.farnell.com/mbs-connect/sp2110-s2ii-1c/circular-socket-2-pole-7-12mm/dp/CN21356,
Encoders,"Circular Threaded Connector Inline Plug, 4-Pole, 5-8mm, IP68  5 Amps, PRO ELEC - PELR0130 , mates with PELR0123, YES",3,£3.10,,,,Y,,CPC,https://cpc.farnell.com/mbs-connect/sp1311-p4iic/circular-in-line-plug-4-p-5-8mm/dp/CN21323,
Encoders,"Circular Threaded Connector Socket, 4-Pole, 5-8mm, IP68  5 Amps, PRO ELEC - PELR0123 , mates with PELR0130, YES",3,£2.76,,,,Y,,CPC,https://cpc.farnell.com/mbs-connect/sp1310-s4iic/circular-socket-4-pole-5-8mm-ip68/dp/CN21316,
,"Motor controller, PiHut, MDD20A or 20A 6V-30V Single-Channel DC Motor Driver, £22.5",1,NA,£33,2,0,0,,PiHut,https://thepihut.com/products/20a-6v-30v-2-channel-dc-motor-driver,
Fan filter screws,"Screws, Pan head, M3 x 15mm, 4 of.",,,,0,,,,rapid,https://www.rapidonline.com/r-tech-337497-m3-x-16-hex-socket-countersunk-screws-a2-st-st-pack-of-100-33-7497,
Fan + Filter screws,"Screws, pan head, M3 x 25",,,,,,,,,,
,"RUNCCI-YUN 20PCS 5.5mm x 2.5mm DC Power Pigtail Cable,18AWG DC Male Power Pigtail Adapter,5.5 x 2.5 mm dc power connector,12V 5A DC Connectors Barrel Connector (2.5mm x 5.5mm, Ultra Thick) ",,£9.99,,,,,,Amazon,,
Fuse box mounts,"Spacers, 4 of, height = 3.5 OD = 9.5 ID = 4",,,,,,,,,https://www.ebay.co.uk/itm/255861443192?var=555799447770,
Fuse box mounts,"CS screw M4 x 30, 4 of",,,,,,,,,https://www.ebay.co.uk/itm/184276387708,
,"RS PRO, M4 Brass Threaded Insert diameter 5.6mm Depth 7.95mm RS Stock No. 278-556 Brand RS PRO , use 5.7mm drill,",8,£0.15,,,,,,Rsonline,https://uk.rs-online.com/web/p/products/0278556/,
gland panel fixing,"M4 pane head screw x 10mm long, 18 of",,,,,,,,,,
gland panel fixing,"M4 pane head screw x 6mm long, 2 of",,,,,,,,,,
base PCB fixing,"M4 pane head screw x 10mm long, 6 of",,,,,,,,,,
Icotek fixing,"M4 screw CS x 25, 6 of",,,,,,,,,,
,,,,,,,,,,,
Usage,item,no.required,not incl vat,Total incl VAT,In Stock?,Ordered?,Received?,Del Date,Supplier,,
,-------------------------- BASE PCB ----------------------------------------------------------------,,,,,,,,,,
,"Durakool Plug In Automotive Relay, 12V dc Coil Voltage, 40A Switching Current, SPST – DG82-7021-36-1012-DR",8,2.79,26.784,0,8,0,,Rsonline,https://uk.rs-online.com/web/p/automotive-relays/9156648,
,"Durakool DZ 5 Pin PCB Mount Relay Socket, for use with Micro-ISO Relays – DZ82AB-5-PCB",8,4.64,44.544,0,8,0,12 Jan 2026,Rsonline,https://uk.rs-online.com/web/p/relay-sockets/2766006,
,"BTS441RGATMA1, IC PWR SWITCH N-CHAN 1:1 TO263-5, High side switch",8,3.78,36.288,6,2,0,,Digikey,,
,"PCB terminal block; lever; 16 mm²; Pin spacing 10 mm; 4-pole; CAGE CLAMP®; 16,00 mm²; gray | Item number: 2716-104 WAGO 55A",8,7.94,76.224,12,0,0,,Digikey,,
,"WAGO 2604-3104 - Wire-To-Board Terminal Block, 5 mm, 4 Ways, 24 AWG, 12 AWG, 4 mm², Push In  WAGO Order Code: 2749676 ",14,2.92,49.056,0,0,0,,Farnell,https://uk.farnell.com/wago/2604-3104/tb-wire-to-brd-4pos-12awg/dp/2749676,
,ST Stepper Motor Control/Driver L293D,2,2.26,5.424,9,0,0,,Rapid,https://www.rapidonline.com/st-stepper-motor-control-driver-l293d-82-0192,
,TruConnect 16 Pin DIL Socket 7.62mm No Central Support (Tube of 30),2,3.23,7.752,20,0,0,,Rapid,https://www.rapidonline.com/st-stepper-motor-control-driver-l293d-82-0192,
,"IC REG LINEAR 5V 1.5A D2PAK, L7805ACD2T-TR",1,0.57,0.684,6,0,0,,CPC,£3.32 shipping,
,2Pc 12 Terminal Block Bus Bar & Cover 12V Distribution Bus Bar Auto Boat Power,1,NA,12.19,,0,0,,Ebay,https://www.ebay.co.uk/itm/375543641228,
,10 way ATO /ATC FUSE BOX with individual L.E.D. blown fuse indicator ALT/FBB10L-1-06,1,NA,14.03,0,0,0,,Altec Automotive,https://www.altecautomotive.co.uk/10-way-ato-atc-fuse-box-with-individual-led-blown-fuse-indicator----altfbb10l-1-06-17986-p.asp,
,"Motor controller, PiHut, MDD20A or 20A 6V-30V Single-Channel DC Motor Driver, £22.5",2,NA,45,0,0,0,,PiHut,https://thepihut.com/products/20a-6v-30v-2-channel-dc-motor-driver,
*,"Panasonic 470μF Aluminium Electrolytic Capacitor 16V dc, Surface Mount - EEEFK1C471P RS Stock No. 537-0477 ",1,0.198,0.2376,6,0,0,,Rsonline,https://uk.rs-online.com/web/p/products/5370477/,
,"Capacitor, 0603, 0.1 uF",1,,,,,,,,,
,Heavy copper wire,,,,,,,,,,
,Stand offs,?,,,,,,,,,
,FOUR PRONGED T NUTS CAPTIVE THREADED INSERTS FOR WOOD FURNITURE M4,4, £0.99,,,,EBAY,,,https://www.ebay.co.uk/itm/181230569842,
Fuse box mounts,"Spacers, 4 of, height = 3.5 OD = 9.5 ID = 4",,,,,,,,,https://www.ebay.co.uk/itm/255861443192?var=555799447770,
Fuse box mounts,"CS screw M4 x 30, 4 of",,,,,,,,,https://www.ebay.co.uk/itm/184276387708,
Cytron motor controller,"Stand offs M3 x 7, male – female, 4 of (motor controller)",,,,,,,,,https://www.ebay.co.uk/itm/256041736715?_skw=hex+spacer+standoff+mount+fixing+%7C+pcb+%7C+metric+%7C+bolts+%7C+m4&itmmeta=01KH6AMBZQKECWWVPZXH0ER21Z&hash=item3b9d46da0b%3Ag%3A68AAAOSwwbtkOEmw&var=555988208370,
Cytron motor controller,"Stand offs M3 x 30, male – female, 12 of (motor controller)",,,,,,,,,https://www.ebay.co.uk/itm/256041736715?_skw=hex+spacer+standoff+mount+fixing+%7C+pcb+%7C+metric+%7C+bolts+%7C+m4&itmmeta=01KH6AMBZQKECWWVPZXH0ER21Z&hash=item3b9d46da0b%3Ag%3A68AAAOSwwbtkOEmw&var=555988208370,
Above 100A relay,"Stand offs M4 x 50, male – female, 4 of",,,,,,,,,https://www.ebay.co.uk/itm/256041736715?_skw=hex+spacer+standoff+mount+fixing+%7C+pcb+%7C+metric+%7C+bolts+%7C+m4&itmmeta=01KH6AMBZQKECWWVPZXH0ER21Z&hash=item3b9d46da0b%3Ag%3A68AAAOSwwbtkOEmw&var=555988208370,
Below MCU board,"Stand offs M4 x 45, male – female, 6 of",,,,,,,,,,
Bus bars,FOUR PRONGED T NUTS CAPTIVE THREADED INSERTS FOR WOOD FURNITURE M4,4, £0.99,,,,EBAY,,,https://www.ebay.co.uk/itm/181230569842,
Bus bars,"M4 CS x10 screw, 4 of.",,,,,,,,,,
,,,,,,,,,,,
Usage,item,no.required,not incl vat,Total incl VAT,In Stock?,Ordered?,Received?,Del Date,Supplier,,
,-------------------------- MCU PCB ----------------------------------------------------------------,,,,,,,,,,
,"IC REG LINEAR 5V 1.5A D2PAK, L7805ACD2T-TR",1,0.57,0.684,6,0,0,,CPC,£3.32 shipping,
,2 x LM2937ES-3.3 NSC SEMICONDUCTOR TO263-3 Voltage Regulator **2 PER SALE**,1,,4.5,0,2,0,,Ebay,,
*,"Transducer, Magnetic, 3 VDC, 80 mA, 97 dB, 2.73 kHz KINGSTATE",1,1.54,1.848,5,0,0,,Farnell,https://uk.farnell.com/kingstate/kssgj4b20/magnetic-transducer-smd-type/dp/1502710,
,"Bi-directional 4 way logic level shifter converter PCB module, £1.35",3,NA,4.05,0,3,0,,Ebay,https://www.ebay.co.uk/itm/195572988505,
,"WAGO 233-504 4 Pole 6A 2.54mm Push Button PCB Terminal Block Orange, MCU PCB requires 255 individual connections.",64,0.201,NA,360,0,0,,Rapid,https://www.rapidonline.com/wago-233-504-4-pole-6a-2-54mm-push-button-pcb-terminal-block-orange-21-5788,
,"WAGO PCB Terminal Block, 12-Contact, 2.54mm Pitch, Through Hole Mount, 1-Row, Solder Termination RS Stock No.: 181-4664 Mfr. Part No.: 233-512, bag of 5",25,25.5,124.25,360,0,0,,Rsonline,https://uk.rs-online.com/web/p/pcb-terminal-blocks/1814664,
*,"Panasonic 470μF Aluminium Electrolytic Capacitor 16V dc, Surface Mount - EEEFK1C471P RS Stock No. 537-0477 ",2,0.198,0.4752,,,,,Rsonline,https://uk.rs-online.com/web/p/products/5370477/,
,"Red, green and blue 0603 LEDs",3,,,,,,,,,
,NPN transistor,1,,,,,,,,,
,"Capacitor, 0603, 0.1 uF",2,,,,,,,,,
,"5mm pitch connector, 2 way",1,,,7,0,0,,,,
Below MCU board,"Stand offs M4 x 45, male – female, 6 of",,,,,,,,,,
,,,,,,,,,,,
,,,,,,,,,,,
,,,,318.2136,,,,,,,
Usage,item,no.required,not incl vat,Total incl VAT,In Stock?,Ordered?,Received?,Del Date,Supplier,,
,-------------------------- High side switch PCB ----------------------------------------------------------------,,,,,,,,,,
,"WAGO 2604-3104 - Wire-To-Board Terminal Block, 5 mm, 4 Ways, 24 AWG, 12 AWG, 4 mm², Push In  WAGO Order Code: 2749676 ",20,2.92,49.056,0,0,0,,Farnell,https://uk.farnell.com/wago/2604-3104/tb-wire-to-brd-4pos-12awg/dp/2749676,
,"BTS441RGATMA1, IC PWR SWITCH N-CHAN 1:1 TO263-5, High side switch",20,3.78,36.288,6,2,0,,Farnell,https://uk.farnell.com/infineon/bts441rgatma1/power-load-sw-high-side-43v-to/dp/2480564,
,Stand offs,?,,,,,,,,,
,,,,,,,,,,,
,,,,,,,,,,,
,,,,,,,,,,,
,,,,132.956,,,,,,,
,,,,718.4872,,,,,,,
,,,,,,,,,,,
,,,,,,,,,,,
,,,,,,,,,,,
,DC 8-40V to 12V 13.8V Power Converter 3A 5A 6A 10A 15A 20A 25A 30A Boost Buck Regulator Stabilizer Voltage Supply Module for Car,,,￡14.49,,,,,Aliexpress,https://www.aliexpress.com/item/1005007198118897.html,
," 12.1 Inch Outdoor 1000Nits Front Panel Wterproof 1920*1200 Industrial Touch Screen Monitor Open Frame Mount LCD Display HDMI/VGACapacitive touch, ",,,￡189.62,,,,,Aliexpress,https://www.aliexpress.com/item/1005009653555858.html,
, HG140 15W 30W 45W 100W Industrial Cabinet Heater 35mm Din Rail Type Fan Heater PTC Sermiconductor Heater Work with ThermostatHG140 15W,,,￡9.09,,,,,Aliexpress,https://www.aliexpress.com/item/1005007957018105.html,
, Dual Digital Thermostat Temperature Humidity Control STC-3028 Thermometer Hygrometer Incubator Controller AC 220V DC 12V 24VSTC-3028 110-220V,,,£13.00,,,,,Aliexpress,https://www.aliexpress.com/item/1005008793518397.html,
,,,,,,,,,,,
,UGREEN 4K Displayport to HDMI Adapter Uni-Directional Braided DP to HDMI Cable A,,,£13.90,,,,,Ebay,https://www.ebay.co.uk/itm/389686635476,
,2x4M Foam Weather Strip Draught Excluder Tape Insulation Sticky Seal Door Window,,,£5.10,,,,,Ebay,https://www.ebay.co.uk/itm/177849495163?var=477421611581,
,Open Grommets Black Rubber 6mm 9mm 12mm 16mm 20mm 25mm 32mm 38mm 50mmPack Size: 10  Size: 25mm,,,£4.39,,,,,Ebay,https://www.ebay.co.uk/itm/254874913146?var=554716072208,
,USB 3.0 A Male to Male Plug Cable Lead High Speed 50cm 1m 2m 3m 5m  Length: 3m,,,£4.39,,,,,Ebay,https://www.ebay.co.uk/itm/264387402888?var=564004020011,
,Cat6 Ethernet Cable RJ45 Network Lead Internet 0.5m/1m/2m/3m/5m/10m/20m/30m lot  Cable Length: 2 m,,,£3.79,,,,,Ebay,https://www.ebay.co.uk/itm/267543287122?var=567359014893,
,,,,,,,,,,,
,"NOCO GENIUS10 10-Amp Battery Charger , with power supply mode.",,,£139.95,,,,,Halfords,,
,Wire Harness For NOCO GC008 X-Connect Eyelet Terminal With M10(3/8in) Eyelets,,,£7.98,,,,,Ebay,,
,,,,,,,,,,,
Hydraulic acyuators x 2,Thin High Precision 0.005mm Slim Linear Scale TTL 50 100 150 200 250 300 350 400mm 20x28mm Small Encoder Grating Ruler Sensor,2,,£42.89,,,,,Aliexpress,https://www.aliexpress.com/item/1005005831365373.html?spm=a2g0o.order_list.order_list_main.5.21ef1802koreHV,
